ID,tipo,nombre exacto,fuente de alcance,estado en Git,estado en Partial,activo/inactivo,hallazgo,hardcodes,dependencias,clasificación,justificación,corrección propuesta,prueba requerida,evidencia requerida,riesgo de regresión,bloqueo,responsable,prioridad,estado en Producción,versión activa en Producción,evidencia Producción,impacto real por PEKING,acción requerida
F01,Flow,Opportunity_Flow,Documento §4 + Luis,Existe: force-app/main/default/flows/Opportunity_Flow.flow-meta.xml,Existe; activa v28,Activo,Resolver dinámico por Empresa_Operadora__c y moneda; fallback legacy controlado; dependencia compartida reforzada en Lote 1,Fallback BMW_Compania__c Bavarian/Otobai; textos legacy,EmpresaPricebookResolver; Empresa__c; Opportunity.Empresa_Operadora__c; Pricebook2; CurrencyIsoCode; EmpresaPricebookResolver Lote 1 desplegado en Partial,SIN CAMBIO TÉCNICO,No usa nombre o Id fijo de Pricebook y no asigna Bavarian por else,Ninguna; retirar fallback en fase posterior cuando se complete migración,E2E crear oportunidad desde pantalla para 3 empresas y CRC/USD,Video y captura de Opportunity.Empresa_Operadora__c y Pricebook2Id,Alto,Datos oficiales de moneda/Pricebook deben estar validados,QA/Negocio,P0,Existe; definición activa Opportunity_Flow v25,25,"Consulta Tooling API FlowDefinition de solo lectura en RedMotorsProd, 2026-08-04: DeveloperName=Opportunity_Flow; ActiveVersion=25; Status=Active",Sin cambio técnico: No usa nombre o Id fijo de Pricebook y no asigna Bavarian por else,No modificar; ejecutar únicamente regresión/evidencia.
F02,Flow,Opp_flow_v4,Documento §4 + Luis,Existe: force-app/main/default/flows/Opp_flow_v4.flow-meta.xml,Existe; activa v19,Activo,Mismo resolver dinámico; incluye Softland y sucursal; dependencia compartida reforzada en Lote 1,Fallback BMW_Compania__c; textos Bavarian/Otobai,EmpresaPricebookResolver; ecflc__flowUserRecordType; Empresa__c; Sucursal__c; Softland; EmpresaPricebookResolver Lote 1 desplegado en Partial,SIN CAMBIO TÉCNICO,La selección de Pricebook es por Empresa; los ramales ajenos requieren regresión,Ninguna funcional; planificar retiro de fallback,E2E 3 empresas; cuenta Softland; sucursal; monedas,Video por empresa y evidencia de no selección silenciosa,Alto,Catálogo/moneda y respuesta Softland oficiales,QA/Negocio,P0,Existe; definición activa Opp_flow_v4 v16,16,"Consulta Tooling API FlowDefinition de solo lectura en RedMotorsProd, 2026-08-04: DeveloperName=Opp_flow_v4; ActiveVersion=16; Status=Active",Sin cambio técnico: La selección de Pricebook es por Empresa; los ramales ajenos requieren regresión,No modificar; ejecutar únicamente regresión/evidencia.
F03,Flow,BMW_ImportarPlantilla,Documento §4/§10 + Luis,Existe: force-app/main/default/flows/BMW_ImportarPlantilla.flow-meta.xml,Existe; activa v16,Activo,Resuelve Pricebook por Empresa_Operadora__c y detiene ruta si no hay resolución; dependencia compartida reforzada en Lote 1,Fallback BMW_Compania__c; selección de bodega por territorio,EmpresaPricebookResolver; Plantilla_de_Presupuesto__c; WorkOrder; Bodega__c; territorio; EmpresaPricebookResolver Lote 1 desplegado en Partial,SIN CAMBIO TÉCNICO,Cumple fuente principal y evita Pricebook arbitrario,Ninguna hasta validar datos de bodega/territorio,Importación real desde plantilla para 3 empresas y ambos escenarios de moneda,Video completo; registros de plantilla/WO y mensajes controlados,Alto,Bodega y territorio PEKING no confirmados,Negocio/QA,P0,Existe; definición activa BMW_ImportarPlantilla v13,13,"Consulta Tooling API FlowDefinition de solo lectura en RedMotorsProd, 2026-08-04: DeveloperName=BMW_ImportarPlantilla; ActiveVersion=13; Status=Active",Sin cambio técnico: Cumple fuente principal y evita Pricebook arbitrario,No modificar; ejecutar únicamente regresión/evidencia.
F04,Flow,BMW_Gestiona_Listas_de_Precios,Documento §4 + Luis,Existe: force-app/main/default/flows/BMW_Gestiona_Listas_de_Precios.flow-meta.xml,Existe; activa v7,Activo,Empresa_Operadora__c principal; solo actualiza con EXITO; dependencia compartida reforzada en Lote 1,CASE Bavarian/Otobai para fallback temporal; sin PEKING legacy,EmpresaPricebookResolver; Opportunity; Empresa__c; Pricebook2; CurrencyIsoCode; EmpresaPricebookResolver Lote 1 desplegado en Partial,SIN CAMBIO TÉCNICO,Fallback está acotado y no convierte empresa desconocida en Bavarian,Ninguna; monitorear oportunidades sin Empresa,"Insert/update por UI con empresa válida, ausente y ambigua",Capturas antes/después de Pricebook2Id y logs de Flow,Alto,Definir fecha de retiro de BMW_Compania__c,Luis/Diego,P1,Existe; definición activa BMW_Gestiona_Listas_de_Precios v2,2,"Consulta Tooling API FlowDefinition de solo lectura en RedMotorsProd, 2026-08-04: DeveloperName=BMW_Gestiona_Listas_de_Precios; ActiveVersion=2; Status=Active",Sin cambio técnico: Fallback está acotado y no convierte empresa desconocida en Bavarian,No modificar; ejecutar únicamente regresión/evidencia.
F05,Flow,Obtener_PricebookEntry_en_Linea_de_Plantilla_de_Presupuesto,Documento §4 + Luis,Existe: force-app/main/default/flows/Obtener_PricebookEntry_en_Linea_de_Plantilla_de_Presupuesto.flow-meta.xml,Existe; activa v3,Activo,Resuelve Empresa de plantilla y no continúa sin EXITO; dependencia compartida reforzada en Lote 1,Fallback BMW_Compania__c a Codigo_ERP__c,EmpresaPricebookResolver; Empresa__c; Plantilla_de_Presupuesto__c; PricebookEntry; EmpresaPricebookResolver Lote 1 desplegado en Partial,SIN CAMBIO TÉCNICO,Evita búsqueda de PricebookEntry con Pricebook incorrecto,Ninguna; retirar fallback cuando negocio lo autorice,Línea de plantilla por empresa/moneda/producto y sin configuración,Video y evidencia de PricebookEntry perteneciente al Pricebook esperado,Alto,Productos/precios oficiales no confirmados,Negocio/QA,P0,Existe; definición activa Obtener_PricebookEntry_en_Linea_de_Plantilla_de_Presupuesto v1,1,"Consulta Tooling API FlowDefinition de solo lectura en RedMotorsProd, 2026-08-04: DeveloperName=Obtener_PricebookEntry_en_Linea_de_Plantilla_de_Presupuesto; ActiveVersion=1; Status=Active",Sin cambio técnico: Evita búsqueda de PricebookEntry con Pricebook incorrecto,No modificar; ejecutar únicamente regresión/evidencia.
F06,Flow,Opportunity_Flow_From_Work_Order,Documento/Manual + mensajes Luis,Existe: force-app/main/default/flows/Opportunity_Flow_From_Work_Order.flow-meta.xml,Existe; activa v16,Activo,Ya contiene RMPEKING y Empresa_Operadora__c; conserva BMW_Compania__c,Códigos RMBAVARIAN/RMOTOBAI/RMPEKING y valores Bavarian/Otobai,WorkOrder; Opportunity; Empresa__c; RecordType; territorio; CurrencyIsoCode,SIN CAMBIO TÉCNICO,PEKING tiene ruta explícita y el lookup Empresa se asigna; no se observó else hacia Bavarian,Ninguna sin decisión para externalizar códigos ERP,Crear oportunidad desde WO para las 3 empresas,Video y campos Empresa/compañía/moneda/RecordType resultantes,Alto,Confirmar mapeo oficial empresa↔Record Type/territorio,Diego/Negocio,P1,Existe; definición activa Opportunity_Flow_From_Work_Order v15,15,"Consulta Tooling API FlowDefinition de solo lectura en RedMotorsProd, 2026-08-04: DeveloperName=Opportunity_Flow_From_Work_Order; ActiveVersion=15; Status=Active",Sin cambio técnico: PEKING tiene ruta explícita y el lookup Empresa se asigna; no se observó else hacia Bavarian,No modificar; ejecutar únicamente regresión/evidencia.
F07,Flow,PlanDeMantenimientoV2,Documento §4,Existe: force-app/main/default/flows/PlanDeMantenimientoV2.flow-meta.xml,Existe; activa v24; deploy 0AfAK0000010R1F0AU y consulta de definición activa 2026-08-13,Activo,Resolución dinámica implementada: Empresa_Operadora__c principal; fallback controlado; PricebookEntry por Pricebook resuelto y activo,Sin IDs o nombres fijos de Pricebook; fallback limitado a Bavarian/Otobai,EmpresaPricebookResolver; Empresa__c; Opportunity.Empresa_Operadora__c; Quote; QuoteLineItem; WarrantyTerm; PricebookEntry; Product2,MODIFICAR,N1 técnico resuelto; seis Quotes QA PEKING sin líneas; no existe Quote PEKING con QLI Vehiculo ni producto de vehículo en PEKING Local; término PEKING no definido,Ejecutada en Lote 2A; completar datos funcionales oficiales antes de QA,Planes para Bavarian/Otobai/PEKING; QLI Vehiculo; término WarrantyTerm en años; estados ERROR/NO_CONFIGURADO/SELECCION_REQUERIDA; producto sin PBE,"Consultas read-only 2026-08-13: PT-00080231 a PT-00080236 con cero QLI; cero QLI PEKING; Asset QA sin Product2Id; PEKING Local solo SAD001/SUB; 13 WarrantyTerm activos en Years sin relación Empresa/Pricebook; dry-run 0AfAK0000010Qzd0AE; deploy 0AfAK0000010R1F0AU",Medio,BLOQUEO DE NEGOCIO: falta vehículo/producto con PBE en PEKING Local y definición de término/tipo de plan PEKING,Negocio/QA,P0,Existe; definición activa PlanDeMantenimientoV2 v23,23,"Consulta Tooling API FlowDefinition de solo lectura en RedMotorsProd, 2026-08-04: DeveloperName=PlanDeMantenimientoV2; ActiveVersion=23; Status=Active",Sí; mitigado técnicamente en Partial,Confirmar producto/vehículo y término/tipo de plan PEKING; luego preparar QuoteLineItem funcional y ejecutar QA manual una sola vez
F08,Flow,Work_Order_from_Quote_Selective,Manual + mensajes Luis,Existe: force-app/main/default/flows/Work_Order_from_Quote_Selective.flow-meta.xml,Existe; activa v7; Tooling API Partial 2026-08-04,Activo,Bifurca por BMW_Compania__c entre Otobai y Bavarian; bloqueo depurado en Lote 2.1,RMBAVARIAN/RMOTOBAI; condición Otobai y ruta restante,Quote; Opportunity; WorkOrder; Bodega__c; PricebookEntry; CurrencyIsoCode; territorio,MODIFICAR,Empresa nueva puede caer en ruta no correspondiente,Resolver por Empresa_Operadora__c; bloquear empresa no configurada,Quote→WO selectivo para 3 empresas; bodega/territorio vacíos,Video y trazabilidad Quote/WO/WOLI,Alto,REQUIERE_NEGOCIO: N2 bodega/territorio/reserva/despacho/taller PEKING,Negocio,P0,Existe; definición activa Work_Order_from_Quote_Selective v7,7,"Consulta Tooling API FlowDefinition de solo lectura en RedMotorsProd, 2026-08-04: DeveloperName=Work_Order_from_Quote_Selective; ActiveVersion=7; Status=Active",Sí: Bifurca por BMW_Compania__c entre Otobai y Bavarian,Sublote 2B después de respuesta N2
F09,Flow,Work_Order_from_Quote,Manual + mensajes Luis,Existe: force-app/main/default/flows/Work_Order_from_Quote.flow-meta.xml,Existe; activa v9; Tooling API Partial 2026-08-04,Activo,Patrón binario equivalente al Flow selectivo; bloqueo depurado en Lote 2.1,RMBAVARIAN/RMOTOBAI; else implícito,Quote; Opportunity; WorkOrder; Bodega__c; PricebookEntry; CurrencyIsoCode,MODIFICAR,No es escalable y arriesga compañía incorrecta,Usar Empresa_Operadora__c y configuración explícita,Quote→WO para 3 empresas y regresión Bavarian/Otobai,Video; campos de WO/WOLI y Pricebook,Alto,REQUIERE_NEGOCIO: N2 operación Quote→WO y despacho/taller PEKING,Negocio,P0,Existe; definición activa Work_Order_from_Quote v9,9,"Consulta Tooling API FlowDefinition de solo lectura en RedMotorsProd, 2026-08-04: DeveloperName=Work_Order_from_Quote; ActiveVersion=9; Status=Active",Sí: Patrón binario equivalente al Flow selectivo,Sublote 2B después de respuesta N2
F10,Flow,SegregateWOLIs,Manual + mensajes Luis,Existe: force-app/main/default/flows/SegregateWOLIs.flow-meta.xml,Existe; activa v51; Tooling API Partial 2026-08-04,Activo,Segregación contiene garantía Otobai y filtro de Record Type fijo; Luis confirmó resolver Record Type por DeveloperName,RecordTypeId 0124U00000111E8QAI; RMOTOBAI; Garant_a_Otobai__c,WorkOrderLineItem; Cargo; SyncSoftlandFlag__c; RecordType,MODIFICAR,El Id dependiente de org ya puede sustituirse técnicamente; la política PEKING de garantía y segregación sigue sin definición,Resolver Record Type por DeveloperName; implementar comportamiento PEKING solo después de N3,Resolución de Record Type por DeveloperName; segregación por tipo/empresa; garantías; Softland,Prueba técnica sin Id fijo y video funcional de WOLI/Cargos después de N3,Alto,REQUIERE_NEGOCIO: N3 garantía/segregación; decisión de Record Type resuelta,Negocio,P0,Existe; definición activa SegregateWOLIs v51,51,"Consulta Tooling API FlowDefinition de solo lectura en RedMotorsProd, 2026-08-04: DeveloperName=SegregateWOLIs; ActiveVersion=51; Status=Active",Sí: garantía sigue bloqueada; Record Type ya tiene solución confirmada,Sublote 2C técnico para DeveloperName; comportamiento PEKING después de N3
F11,Flow,ReciboUsadosFlow,Manual + mensajes Luis,Existe: force-app/main/default/flows/ReciboUsadosFlow.flow-meta.xml,Existe; activa v3,Activo,Usa Empresa__c y Record Types; conserva opciones ERP legacy,RMBAVARIAN/RMOTOBAI; Record Types seleccionables,Recibo_Usado; Account; Asset; Empresa__c; RecordType; Softland,NO APLICA,Luis confirmó que los procesos y componentes exclusivos de vehículos usados no deben soportar PEKING.,Definir si recibo de usados aplica a PEKING y usar lookup/configuración,Recibo para perfiles QA por empresa y tipos de vehículo,Video y recibo creado desde flujo real,Alto,Ninguno; decisión confirmada por Luis.,N/A,N/A,Existe; definición activa ReciboUsadosFlow v3,3,"Consulta Tooling API FlowDefinition de solo lectura en RedMotorsProd, 2026-08-04: DeveloperName=ReciboUsadosFlow; ActiveVersion=3; Status=Active",No aplica: proceso exclusivo de vehículos usados; Luis confirmó que PEKING no participa.,No trabajar para PEKING; documentar exclusión y conservar estado productivo.
F12,Flow,Opp_Flow_V5,Manual + mensajes Luis,Existe: force-app/main/default/flows/Opp_Flow_V5.flow-meta.xml,Existe; activa v33; deploy de navegación 0AfAK00000149fF0AQ y consulta posterior 2026-08-12,Activo v33 sobre base funcional v32 validada,Ruta Taller corregida con selector mínimo de Empresa; Empresa_Operadora__c usa selección Taller cuando existe y selección general en las demás rutas; Pricebook continúa resolviéndose por EmpresaPricebookResolver,Secciones legacy de Pricebook nominal desconectadas sin modificar; fallback BMW_Compania__c limitado a Bavarian/Otobai,Opportunity; Pricebook2; Empresa_Operadora__c; BMW_Compania__c; Sucursal__c; Softland; RecordType; EmpresaPricebookResolver,MODIFICAR,QA funcional OK en v33: creación de Opportunity/Quote y navegación al Quote confirmadas,Ejecutadas remediaciones limitadas de Empresa y Cuenta en Taller; navegación estándar al Quote en v33; no retirar nodos legacy ni modificar otras rutas,Completada para PEKING en Taller: Empresa; Cuenta; Opportunity; Quote; Pricebook y navegación; regresión Bavarian/Otobai permanece cubierta por validación estructural,Ejecución v33 GUID 125859e3137ad395a9c6752a73b19ff8e2bdce-4308; Opportunity 006AK00000JT3dzYAD y Quote 0Q0AK000001zL5N0AU persistidos; navegación a PT-00080233 confirmada; deploy v33 0AfAK00000149fF0AQ,Medio,QA FUNCIONAL OK — CREACIÓN + NAVEGACIÓN,QA/Negocio,P0,Existe; definición activa Opp_Flow_V5 v29,29,"Consulta Tooling API FlowDefinition de solo lectura en RedMotorsProd, 2026-08-04: DeveloperName=Opp_Flow_V5; ActiveVersion=29; Status=Active",Impacto técnico corregido en Partial v33; QA funcional completo con PEKING aprobado: creación + navegación,Ninguna acción adicional para Opp_Flow_V5; conservar evidencia y no ampliar el cambio
F13,Flow,Opp_flow_V3,Manual + mensajes Luis,Existe: force-app/main/default/flows/Opp_flow_V3.flow-meta.xml,Existe; activa v30; deploy aislado 0AfAK0000014AWT0A2 y verificación posterior 2026-08-12,Activo,Creación funcional PEKING validada; navegación final legacy remediada con enlace estándar al Quote,Sin IDs o nombres fijos de Pricebook en la ruta ejecutable; legacy limitado a Bavarian/Otobai,Opportunity; Quote; Pricebook2; Empresa__c; EmpresaPricebookResolver; Sucursal; Softland,MODIFICAR,QA de creación OK en v29; v30 conserva la lógica funcional y sustituye únicamente la navegación final defectuosa,Remediación técnica limitada completada; no retirar nodos legacy desconectados en este bloque,Creación PEKING aprobada; validar el enlace integrado en v30 durante la siguiente ejecución funcional normal,"Entrevista 8gZAK000000IgOz2AK; GUID 96010061b22932e5cc1210b9d45c19ff91937fa-5b3d; Opportunity 006AK00000JTVVJYA5; Quote 0Q0AK000001zPyb0AE; dry-run 0AfAK0000014AUr0AM; deploy 0AfAK0000014AWT0A2",Medio,QA CREACIÓN OK — NAVEGACIÓN REMEDIADA EN v30 — QA MANUAL DEL ENLACE PENDIENTE,Negocio/QA,P0,Existe; definición activa Opp_flow_V3 v28,28,"Consulta Tooling API FlowDefinition de solo lectura en RedMotorsProd, 2026-08-04: DeveloperName=Opp_flow_V3; ActiveVersion=28; Status=Active",Sí; creación PEKING validada y navegación remediada en Partial,No repetir solo para evidencia; validar el enlace v30 en la siguiente ejecución funcional normal
F14,Flow,Opp_Flow_v6,Manual + mensajes Luis,Existe: force-app/main/default/flows/Opp_Flow_v6.flow-meta.xml,Existe; activa v82; deploy de navegación 0AfAK0000014Auf0AE y verificación posterior 2026-08-12,Activo v82 sobre base funcional v81 con creación validada,QA creación PEKING OK; navegación final legacy sustituida por enlace estándar dinámico al Quote,Sin nombres o IDs nuevos; fallback legacy limitado a Bavarian/Otobai,Opportunity; Quote; Pricebook2; Empresa_Operadora__c; BMW_Compania__c; Compania__c; Sucursal; Softland; RecordType; EmpresaPricebookResolver,MODIFICAR,Creación funcional v81 aprobada; navegación remediada en v82 y pendiente confirmar el enlace integrado,Remediaciones técnicas limitadas completadas; no retirar nodos legacy desconectados,Creación PEKING completada; validar enlace v82 en la siguiente ejecución normal; después regresión Bavarian/Otobai,"GUID v81 682248cd0259e6fd65a18a1c5219ff95111ad-4896; Opportunity 006AK00000JTWT1YAP; Quote 0Q0AK000001zNQZ0A2; dry-run 0AfAK0000014At30AE; deploy 0AfAK0000014Auf0AE; v82 301AK00000PWE36YAH",Medio,QA CREACIÓN OK — NAVEGACIÓN REMEDIADA — QA MANUAL DEL ENLACE PENDIENTE; Mostrador requiere sesión funcional autorizada,QA/Negocio,P0,Existe; definición activa Opp_Flow_v6 v79,79,"Consulta Tooling API FlowDefinition de solo lectura en RedMotorsProd, 2026-08-04: DeveloperName=Opp_Flow_v6; ActiveVersion=79; Status=Active",Creación PEKING validada y navegación remediada técnicamente en Partial v82,No repetir solo para evidencia; validar el enlace v82 en la siguiente ejecución funcional normal; después cubrir Mostrador con sesión autorizada
F15,Flow,Opportunity_Flow_V2,Manual + mensajes Luis,Existe: force-app/main/default/flows/Opportunity_Flow_V2.flow-meta.xml,Existe; activa v8; deploy 0AfAK0000014BxB0AU y consulta posterior 2026-08-13,Activo,Selectores obligatorios de Empresa en rutas general y mostrador; selección explícita persiste en Opportunity y gobierna Pricebook; creación general/Taller validada con PEKING,Sin IDs o nombres fijos de Pricebook en la ruta ejecutable; $User.Empresa__c no sobrescribe Empresa_Operadora__c,Opportunity; Quote; Pricebook2; Empresa__c; EmpresaPricebookResolver; User.Empresa__c; Sucursal; RecordType,MODIFICAR,QA de creación general/Taller OK; navegación legacy remediada con enlace estándar; falta QA manual del enlace y sesión Mostrador,Ejecutada en Lote 2D1; navegación final remediada en v8 sin modificar lógica funcional,Validar enlace v8 en ejecución funcional normal; después cubrir Mostrador con usuario autorizado,"GUID 31656edfaf899d2705c10b59fc519ff96325cc-61d2; Opportunity 006AK00000JTeqQYAT; Quote 0Q0AK000001zZuj0AE; dry-run 0AfAK0000014BvZ0AU; deploy 0AfAK0000014BxB0AU; v8 301AK00000PWLPYYA5",Medio,QA CREACIÓN OK — NAVEGACIÓN REMEDIADA — QA MANUAL DEL ENLACE PENDIENTE; Mostrador requiere sesión funcional autorizada,Negocio/QA,P0,Existe; definición activa Opportunity_Flow_V2 v6,6,"Consulta Tooling API FlowDefinition de solo lectura en RedMotorsProd, 2026-08-04: DeveloperName=Opportunity_Flow_V2; ActiveVersion=6; Status=Active",Sí; mitigado técnicamente en Partial,No repetir solo para evidencia; validar enlace v8 en la siguiente ejecución funcional normal; después cubrir Mostrador con sesión autorizada
F16,Flow,CreateWoliFromExpense,Manual + mensajes Luis,Existe: force-app/main/default/flows/CreateWoliFromExpense.flow-meta.xml,Existe; activa v16; dry-run 0AfAK0000014CEw0AM; deploy 0AfAK0000014DKf0AM y consulta post-deploy 2026-08-13,Activo,Product2 SUB autoritativo 01t4U000005sF8FQAU seleccionado con filtros código SUB + tipo Subcontrato + activo; PBE PEKING Local CRC creada y QA real completado,Sin IDs o nombres fijos de Pricebook; selección estructural sin Empresa ni Product2 hardcodeados,EmpresaPricebookResolver; Empresa__c; WorkOrder.empresaFacturaCP__c; Product2.tipoProducto__c; Product2.IsActive; PricebookEntry; CurrencyIsoCode,MODIFICAR,QA funcional PEKING aprobado con exactamente un WOLI correcto y Expense enlazado,Remediación combinada ejecutada: filtro determinista y PBE PEKING Local del producto Subcontrato; variante Mano de Obra preservada,Gasto→WOLI PEKING completado con EXP-1458 una sola vez; regresión estructural Bavarian/Otobai verificada por PBE existentes,"EXP-1458 quedó WoliCreated=true y enlazado a 1WLAK0000000rh34AA; Product2 01t4U000005sF8FQAU; PBE PEKING Local 01uAK000000YUy9YAG; CRC; UnitPrice 1; sin PBE PEKING Dólares",Medio,QA FUNCIONAL OK — PEKING,QA/Negocio,P0,Existe; definición activa CreateWoliFromExpense v14,14,"Consulta Tooling API FlowDefinition de solo lectura en RedMotorsProd, 2026-08-04: DeveloperName=CreateWoliFromExpense; ActiveVersion=14; Status=Active",Impacto técnico corregido en Partial v16; producto Subcontrato y configuración PEKING Local validados,Ninguna acción adicional para CreateWoliFromExpense; no repetir EXP-1458
F17,Flow,aperturaCaseWorOrderEvent,Manual + mensajes Luis,Existe: force-app/main/default/flows/aperturaCaseWorOrderEvent.flow-meta.xml,Existe; activa/latest v20; Tooling API Partial 2026-08-04,Activo,Evento Otobai vs ruta Bavarian y Pricebook nominal; selección explícita de Empresa confirmada,Otobai Local; RMBAVARIAN/RMOTOBAI; otobai,Case; WorkOrder; Event; Empresa__c; User.Empresa__c; Sucursal; Pricebook2; RecordType,MODIFICAR,La UX de Empresa está resuelta pero faltan reglas oficiales de agenda/sucursal/servicio para PEKING,Agregar selector Empresa y resolución dinámica; implementar rutas operativas solo con respuesta N4,Caso→WO/Event para 3 empresas; agenda/servicio/sucursal oficiales; estados negativos,Video completo y campos Case/WO/Event,Alto,REQUIERE_NEGOCIO: N4 servicios/agenda/sucursales/territorios; UX resuelta,Negocio,P0,Existe; definición activa aperturaCaseWorOrderEvent v20,20,"Consulta Tooling API FlowDefinition de solo lectura en RedMotorsProd, 2026-08-04: DeveloperName=aperturaCaseWorOrderEvent; ActiveVersion=20; Status=Active",Sí: lógica empresarial puede corregirse; operación continúa bloqueada por N4,Sublote 2E después de N4
F18,Flow,ct_newCaseWorkOrderEvent,Manual + mensajes Luis,Existe: force-app/main/default/flows/ct_newCaseWorkOrderEvent.flow-meta.xml,Existe; activa/latest v54; Tooling API Partial 2026-08-04,Activo,Evento con condición Otobai y códigos de empresa; bloqueo depurado en Lote 2.1,otobai; RMOTOBAI/RMBAVARIAN,Case; WorkOrder; Event; territorio; RecordType,MODIFICAR,No existe ruta empresarial configurable,Usar lookup Empresa y configuración por empresa,Nuevo caso/WO/evento para 3 empresas,Video y registros relacionados,Alto,REQUIERE_NEGOCIO: N4 servicios/agenda/sucursales/territorios PEKING,Negocio,P0,Existe; definición activa ct_newCaseWorkOrderEvent v54,54,"Consulta Tooling API FlowDefinition de solo lectura en RedMotorsProd, 2026-08-04: DeveloperName=ct_newCaseWorkOrderEvent; ActiveVersion=54; Status=Active",Sí: Evento con condición Otobai y códigos de empresa,Sublote 2E después de respuesta N4
F19,Flow,AgregarManoObra,Manual + mensajes Luis,Existe: force-app/main/default/flows/AgregarManoObra.flow-meta.xml,Existe; activa v2; dataset reconfirmado 2026-08-13,Activo,Pricebook seleccionado mediante resolver desde Empresa del Work Order; productos filtrados por tipo Mano de Obra; recordId es tiposDeTrabajoCaso__c y el Work Order se obtiene por Case,Sin IDs o nombres fijos de Pricebook; no contiene filtro literal SUB,EmpresaPricebookResolver; Empresa__c; WorkOrder.empresaFacturaCP__c; tiposDeTrabajoCaso__c; Product2.tipoProducto__c; PricebookEntry; CurrencyIsoCode,MODIFICAR,Dataset compartido válido e independiente de la duplicidad SUB; bloqueo previo cerrado con QA OK de CreateWoliFromExpense,Ejecutar una sola sesión manual con el recordId preparado; no modificar el Flow,Agregar MO para PEKING; ausencia/desconocida/múltiples/sin Pricebook; crear una sola línea,"Case 00091090; único WorkOrder 00087392 PEKING/CRC/PEKING Local; tiposDeTrabajoCaso a2iAK000001zjndYAA con -Control final; metadata confirma filtro tipoProducto__c=Mano de Obra y ausencia de literal SUB; producto Mano de Obra 01t4U000005w41KQAQ intacto",Medio,LISTO PARA QA MANUAL,Negocio/QA,P0,Existe; definición activa AgregarManoObra v1,1,"Consulta Tooling API FlowDefinition de solo lectura en RedMotorsProd, 2026-08-04: DeveloperName=AgregarManoObra; ActiveVersion=1; Status=Active",Sí; dataset PEKING listo y no depende del Product2 Subcontrato,Ejecutar una sola vez /flow/AgregarManoObra?recordId=a2iAK000001zjndYAA y detener ante cualquier fault
F20,Flow,Carga_MO_26_Lavado_a_Caso,Manual + mensajes Luis,Existe: force-app/main/default/flows/Carga_MO_26_Lavado_a_Caso.flow-meta.xml,Existe; sin activa; latest v4,Obsolete,Solo Bavarian; no debe descartarse por inactividad,RMBAVARIAN; nodos con nombre bavarian,Case; WorkOrder; CurrencyIsoCode,NO APLICA,Luis indicó no trabajar Flows inactivos; Producción no tiene versión activa.,Confirmar retiro definitivo o refactor antes de cualquier reactivación,Buscar invocadores; prueba aislada v4 si se conserva,Captura de versiones/dependencias y decisión firmada,Medio,Ninguno; decisión confirmada por Luis.,N/A,N/A,Existe; sin definición activa; latest v4 Obsolete,N/A,"Consulta Tooling API FlowDefinition de solo lectura en RedMotorsProd, 2026-08-04: DeveloperName=Carga_MO_26_Lavado_a_Caso; ActiveVersion=null; Status=sin activa; LatestVersion=4 Obsolete",No aplica: Flow inactivo en Producción; Luis indicó no trabajar Flows inactivos.,No trabajar para PEKING; documentar exclusión y conservar estado productivo.
C01,LWC,rm_vu_inventario,Luis + documento inventario,Existe: force-app/main/default/lwc/rm_vu_inventario,Existe; contenido idéntico,N/A,Opciones de Pricebook vienen de Apex por opportunityId,Sin nombres/Ids fijos de Pricebook,RM_VU_Inventario_Ctrl; Opportunity.Pricebook2Id; Product2; Bodega__c,NO APLICA,Luis confirmó que los procesos y componentes exclusivos de vehículos usados no deben soportar PEKING.,Ninguna; cubrir Apex dependiente,Inventario PEKING CRC/USD; empresa ausente/ambigua,Video; combobox y producto/PricebookEntry,Alto,Ninguno; decisión confirmada por Luis.,N/A,N/A,No consultado; autorización de lectura limitada a Flows,N/A,N/A,No aplica: componente exclusivo de vehículos usados; Luis confirmó que PEKING no participa.,No extender ni probar con PEKING; conservar regresión de usados fuera del alcance PEKING.
C02,LWC,productSearcher,Documento §5/§10 + mensajes Luis,Existe: force-app/main/default/lwc/productSearcher; conciliado Lote 0.1,Existe; base técnica conciliada,N/A,Variables preciosBavarian y pbeBavarian; conflicto Git/Partial resuelto,Semántica Bavarian en nombres y resultado Apex,ProductSearcherController; SampleLookupController; Bodega__c; RecordType; EmpresaPricebookResolver Lote 1 desplegado en Partial,MODIFICAR,Contrato y modelo de precio siguen ligados a Bavarian; no se puede validar sin reconciliar org,Reconciliar diff y devolver precio por Empresa/Pricebook seleccionado,Búsqueda por 3 empresas y bodegas; mismo producto en varios Pricebooks,Video y respuesta Apex anonimizada,Alto,Definir fuente de Empresa y Pricebook del buscador,Diego/Negocio,P0,No consultado; autorización de lectura limitada a Flows,N/A,N/A,Variables preciosBavarian y pbeBavarian; desfase Git/Partial,Reconciliar diff y devolver precio por Empresa/Pricebook seleccionado; adoptar resolveForSource en el lote funcional correspondiente
C03,LWC,rm_vn_crear_opp_inventario,Documento §5 + mensajes Luis,Existe: force-app/main/default/lwc/rm_vn_crear_opp_inventario,Existe; contenido idéntico,N/A,Consume preciosBavarian de Apex,pbeBavarian/preciosBavarian,RM_VN_CrearOportunidad_Ctrl; Product2; Bodega__c,MODIFICAR,El componente idéntico en ambos lados sigue acoplado a Bavarian,Cambiar contrato Apex/UI a precio por Empresa sin nombre empresarial fijo,Crear oportunidad desde inventario para 3 empresas,Video y Opportunity/Pricebook/Product,Alto,Definir empresa fuente en esta pantalla,Negocio/Diego,P0,No consultado; autorización de lectura limitada a Flows,N/A,N/A,Consume preciosBavarian de Apex,Cambiar contrato Apex/UI a precio por Empresa sin nombre empresarial fijo
C04,LWC,rm_vn_inventario,Documento §5/§10 + mensajes Luis,Existe: force-app/main/default/lwc/rm_vn_inventario,Existe; contenido idéntico,N/A,Inventario usa preciosSoftland y permisos de bodega; no referencia Empresa principal,preciosSoftland; permiso RM_PuedeModificarBodega__c,RM_VN_Inventario_Ctrl; User.RM_PuedeModificarBodega__c; Bodega__c; RecordType,BLOQUEADO,Empresa se resuelve en Apex/Softland; no hay contexto suficiente en UI,Definir fuente Empresa y revisar controlador antes de tocar LWC,Inventario y cambio de ubicación por perfiles QA,Video; consulta de inventario real y control de permiso,Alto,"Empresa, bodegas y permisos PEKING no confirmados",Negocio/Diego,P0,No consultado; autorización de lectura limitada a Flows,N/A,N/A,Inventario usa preciosSoftland y permisos de bodega; no referencia Empresa principal,Definir fuente Empresa y revisar controlador antes de tocar LWC
C05,LWC,rm_vn_inventario_movil,Documento §5/§10 + mensajes Luis,Existe: force-app/main/default/lwc/rm_vn_inventario_movil,Existe; contenido idéntico,N/A,Mismo contrato que versión escritorio,preciosSoftland; permiso de bodega,RM_VN_Inventario_Ctrl; User.RM_PuedeModificarBodega__c; Bodega__c; RecordType,BLOQUEADO,Comparte el bloqueo empresarial y de permisos de C04,Resolver una vez en controlador y mantener paridad móvil,Mismos escenarios en viewport móvil,Video móvil y evidencia de permiso,Alto,Empresa/bodega/permisos PEKING,Negocio/Diego,P0,No consultado; autorización de lectura limitada a Flows,N/A,N/A,Mismo contrato que versión escritorio,Resolver una vez en controlador y mantener paridad móvil
C06,LWC,quoliGridDespacho,Documento §5 + mensajes Luis,Existe: force-app/main/default/lwc/quoliGridDespacho; sin modificar en Lote 0.1,Existe; JS/HTML diferentes,N/A,Conciliación detenida: falta el hijo woliGridDespachoDatatable,Estados de negocio literales y territorio en mensajes,QuoliGridController; savePDFfile; Bodega; Softland; WorkOrder,BLOQUEADO,No debe sobrescribirse Partial sin reconciliar; reglas PEKING no están definidas,Obtener diff aprobado y parametrizar empresa en Apex/configuración,Reserva/apartado/despacho/devolución por empresa,Videos por transición y evidencia Softland,Alto,Reglas de bodega/despacho PEKING y autoridad del diff,Diego/Negocio,P0,No consultado; autorización de lectura limitada a Flows,N/A,N/A,Despacho/reserva/Softland; diferencia activa en Partial,Obtener diff aprobado y parametrizar empresa en Apex/configuración
C07,LWC,woliGridDespacho,Documento §5 + mensajes Luis,Existe: force-app/main/default/lwc/woliGridDespacho; sin modificar en Lote 0.1,Existe; JS/HTML diferentes,N/A,Conciliación detenida: faltan WoliGridDespachoSelectionController y woliGridDespachoDatatable,Estados literales; territorio en mensajes,WoliGridController; savePDFfile; Bodega; Softland; WOLI,BLOQUEADO,Mismo riesgo de sobrescritura y falta de reglas operativas,Reconciliar y parametrizar por Empresa,Reserva/despacho WOLI para 3 empresas,Videos y estados WOLI/Softland,Alto,Reglas PEKING y diff Git/Partial,Diego/Negocio,P0,No consultado; autorización de lectura limitada a Flows,N/A,N/A,Despacho WOLI/Softland; diferencia activa en Partial,Reconciliar y parametrizar por Empresa
C08,LWC,kpiSucursales,Documento/Manual + mensajes Luis,Existe: force-app/main/default/lwc/kpiSucursales (versionado desde Partial en Lote 0.1),Existe; 4 recursos; base conciliada,N/A,Bundle versionado sin modificación funcional; conserva sucursales literales de Partial,Pendiente resolución funcional por Empresa,KPIEstadoTallerController.getKPIs; campos de sucursal,BLOQUEADO,Ya existe trazabilidad en Git; continúa bloqueado por definición operativa PEKING,Resolver Empresa y catálogo oficial en lote posterior,KPIs por sucursal/empresa y visibilidad por perfil,Capturas KPI y datos fuente,Alto,Aplicación y catálogo oficial de sucursales PEKING,Luis/Diego,P0,No consultado; autorización de lectura limitada a Flows,N/A,N/A,Bundle versionado desde Partial; impacto funcional pendiente,Resolver configuración por Empresa después de decisión funcional
C09,Aura,CommunityMenu,Documento §5 + mensajes Luis,Existe: force-app/main/default/aura/CommunityMenu; conciliado Lote 0.1,Existe; base técnica conciliada,N/A,Hardcodes vigentes; conflicto Git/Partial resuelto,IDs 005...; Escazú/Pavas/Pinares/Uruca; Otobai; texto legal Bavarian,Controlador Apex del bundle; Event; Sucursal; Calendar,BLOQUEADO,Hay datos legales y operativos que no pueden inventarse y Partial difiere,Reconciliar diff; mover servicios/sucursales a configuración; esperar texto legal oficial,Portal por empresa; agenda/sucursal; consentimiento,Video portal y aprobación legal,Crítico,"Información legal, sucursales y usuarios PEKING",Legal/Negocio/Diego,P0,No consultado; autorización de lectura limitada a Flows,N/A,N/A,Ids de usuarios/sucursales y texto legal Bavarian embebidos,Reconciliar diff; mover servicios/sucursales a configuración; esperar texto legal oficial
C10,Aura,CommunityControl,Documento §5 + mensajes Luis,Existe: force-app/main/default/aura/CommunityControl; conciliado Lote 0.1,Existe; base técnica conciliada,N/A,Hardcodes vigentes; conflicto Git/Partial resuelto,IDs 005...; nombres de sucursales; Uruca,Controlador Apex; Event; Sucursal; Calendar,BLOQUEADO,No existe catálogo oficial PEKING y hay desfase de fuente,Parametrizar tras reconciliar y recibir reglas oficiales,Portal/control por empresa y sucursal,Video y configuración aprobada,Crítico,Sucursales/servicios/usuarios PEKING,Negocio/Diego,P0,No consultado; autorización de lectura limitada a Flows,N/A,N/A,Servicios/sucursales y restricciones geográficas fijas,Parametrizar tras reconciliar y recibir reglas oficiales
C11,Aura,CommunityCalendar,Documento §5 + mensajes Luis,Existe: force-app/main/default/aura/CommunityCalendar,Existe; contenido idéntico,N/A,Calendario genérico por capacidad de sucursal,No se detectó compañía fija directa,Componentes padre; Event; capacidad por Sucursal,SIN CAMBIO TÉCNICO,No decide Empresa ni Pricebook; recibe capacidad/sucursal de padres,Regresión únicamente al modificar componentes padre,Disponibilidad por sucursal y zona horaria,Video de calendario desde cada portal,Medio,Ninguno técnico; depende de datos oficiales,QA,P2,No consultado; autorización de lectura limitada a Flows,N/A,N/A,Calendario genérico por capacidad de sucursal,Regresión únicamente al modificar componentes padre
C12,Aura,customerCommunity_lwc,Documento §5 + mensajes Luis,Existe: force-app/main/default/aura/customerCommunity_lwc; conciliado Lote 0.1,Existe; base técnica conciliada,N/A,Hardcodes vigentes; conflicto Git/Partial resuelto,IDs 005...; Otobai; sucursales; Uruca,Controlador Apex; Event; Sucursal; CommunityCalendar,BLOQUEADO,Partial difiere y faltan decisiones operativas PEKING,Reconciliar cmp y externalizar configuración,Portal cliente por empresa/sucursal,Video completo y capturas de configuración,Crítico,Servicios/sucursales/usuarios PEKING,Negocio/Diego,P0,No consultado; autorización de lectura limitada a Flows,N/A,N/A,Servicios/usuarios/sucursales fijos y restricción Uruca,Reconciliar cmp y externalizar configuración
C13,Aura,callcenterCommunity_lwc,Documento §5 + mensajes Luis,Existe: force-app/main/default/aura/callcenterCommunity_lwc; conciliado Lote 0.1,Existe; base técnica conciliada,N/A,Hardcodes vigentes; conflicto Git/Partial resuelto,IDs 005...; Otobai; Uruca,Controlador Apex; Event; Sucursal; CommunityCalendar,BLOQUEADO,No puede extenderse sin datos y reconciliación,Reconciliar y configurar por Empresa,Call center para 3 empresas y perfiles QA,Video y evidencia de citas/eventos,Crítico,Operación call center PEKING,Negocio/Diego,P0,No consultado; autorización de lectura limitada a Flows,N/A,N/A,Mismo catálogo fijo de servicios y sucursales,Reconciliar y configurar por Empresa
C14,LWC,assetGarantiaLookupLwc,Documento/Manual + mensajes Luis,Existe: force-app/main/default/lwc/assetGarantiaLookupLwc,Existe; contenido idéntico,N/A,Solo muestra sucursal; regla empresarial reside en Apex,Sin hardcode empresarial visible,AssetGarantiaController; Asset; garantía; sucursal; Event,BLOQUEADO,No puede clasificarse sin validar que Apex resuelve Empresa y garantía PEKING,Auditar/ajustar controlador solo tras regla de garantía,Validación de garantía por 3 empresas,Video y resultado Apex/Asset/Event,Alto,Cobertura de garantía PEKING,Negocio/Diego,P0,No consultado; autorización de lectura limitada a Flows,N/A,N/A,Solo muestra sucursal; regla empresarial reside en Apex,Auditar/ajustar controlador solo tras regla de garantía
C15,LWC,cT_Estadisticas_Inventario_lwc,Documento §10 + mensajes Luis,Existe: force-app/main/default/lwc/cT_Estadisticas_Inventario_lwc (versionado desde Partial en Lote 0.1),Existe; 3 recursos; base conciliada,N/A,Bundle exclusivo de usados versionado sin modificación funcional,Ninguno relevante a PEKING,cT_Registro_Avaluos_ctrl.obtenerEstadisticasTodosModelos; FlexiPage Estadisticas_Inventario_Usados,BLOQUEADO,Se conserva la clasificación funcional previa; el versionamiento técnico quedó resuelto,No modificar por PEKING; conservar versionamiento,Regresión de estadísticas de usados,Capturas de comportamiento vigente,Bajo,Revisión funcional pendiente registrada en auditoría,Diego,P2,No consultado; autorización de lectura limitada a Flows,N/A,N/A,Sin impacto: exclusivo de usados,No trabajar para PEKING
C16,LWC,rm_vu_crear_opp,Documento §10 + mensajes Luis,Existe: force-app/main/default/lwc/rm_vu_crear_opp,Existe; contenido idéntico,N/A,Contenedor de rm_vu_inventario; no pasa recordId explícito en markup observado,Sin empresa/Pricebook fijo,rm_vu_inventario; Opportunity host,NO APLICA,Luis confirmó que los procesos y componentes exclusivos de vehículos usados no deben soportar PEKING.,Confirmar propagación de recordId y empresa sin cambiar interfaz innecesariamente,Crear oportunidad real desde inventario,Video desde entrada real Ver inventario,Alto,Ninguno; decisión confirmada por Luis.,N/A,N/A,No consultado; autorización de lectura limitada a Flows,N/A,N/A,No aplica: componente exclusivo de vehículos usados; Luis confirmó que PEKING no participa.,No extender ni probar con PEKING; conservar regresión de usados fuera del alcance PEKING.
C17,LWC,rm_vn_get_record_opp_record_types,Documento/Manual + mensajes Luis,Existe: force-app/main/default/lwc/rm_vn_get_record_opp_record_types,Existe; contenido idéntico,N/A,Lista Record Types dinámicamente; excepción Kawasaki,Kawasaki→kawa,RM_VN_GetOppRecordTypes_Ctrl; Opportunity RecordType,BLOQUEADO,Record Types no equivalen automáticamente a Empresa y PEKING no debe inventarse,Definir filtrado/configuración por Empresa si negocio lo requiere,Listado por perfiles y empresa; selección Kawasaki,Video y DeveloperNames retornados,Medio,Mapeo Empresa↔Record Type PEKING,Negocio/Diego,P1,No consultado; autorización de lectura limitada a Flows,N/A,N/A,Lista Record Types dinámicamente; excepción Kawasaki,Definir filtrado/configuración por Empresa si negocio lo requiere
C18,LWC,rm_vn_crear_opp_home,Documento/Manual + mensajes Luis,Existe: force-app/main/default/lwc/rm_vn_crear_opp_home,Existe; contenido idéntico,N/A,Contenedor sin referencias empresariales directas,Ninguno visible,Componentes hijos de creación de oportunidad,SIN CAMBIO TÉCNICO,La decisión empresarial pertenece a hijos/controladores,Regresión de composición; no añadir lógica duplicada,Navegación desktop y eventos de hijos,Video de recorrido completo,Medio,Dependiente de cierre de hijos,QA,P2,No consultado; autorización de lectura limitada a Flows,N/A,N/A,Contenedor sin referencias empresariales directas,Regresión de composición; no añadir lógica duplicada
C19,LWC,rm_vn_crear_opp_home_movil,Documento/Manual + mensajes Luis,Existe: force-app/main/default/lwc/rm_vn_crear_opp_home_movil,Existe; contenido idéntico,N/A,Contenedor móvil sin lógica empresarial directa,Ninguno visible,Componentes hijos móviles,SIN CAMBIO TÉCNICO,No selecciona Empresa/Pricebook por sí mismo,Mantener paridad con desktop,Recorrido móvil completo,Video móvil,Medio,Dependiente de hijos,QA,P2,No consultado; autorización de lectura limitada a Flows,N/A,N/A,Contenedor móvil sin lógica empresarial directa,Mantener paridad con desktop
C20,LWC,rm_vn_crear_opp_general,Documento/Manual + mensajes Luis,Existe: force-app/main/default/lwc/rm_vn_crear_opp_general,Existe; contenido idéntico,N/A,Sin referencias empresariales directas en bundle,Ninguno visible,Flujos/componentes de creación general,SIN CAMBIO TÉCNICO,No se halló decisión binaria en el bundle,Regresión de integración solamente,Crear oportunidad general para cada empresa,Video y Opportunity resultante,Medio,Depende de Flow/Apex invocados,QA,P1,No consultado; autorización de lectura limitada a Flows,N/A,N/A,Sin referencias empresariales directas en bundle,Regresión de integración solamente
C21,LWC,busquedaDetallada,Documento/Manual + mensajes Luis,Existe: force-app/main/default/lwc/busquedaDetallada; conciliado Lote 0.1,Existe; base técnica conciliada,N/A,Pricebooks sin filtro empresarial; conflicto Git/Partial resuelto,Selección global de Pricebook,BusquedaDetalladaController; Pricebook2; ServiceTerritory; componentes detalle; EmpresaPricebookResolver Lote 1 desplegado en Partial,MODIFICAR,Permite seleccionar Pricebook de otra Empresa y Partial difiere,Filtrar por Empresa_Operadora__c y validar servidor; reconciliar diff,Búsqueda con Pricebooks de 3 empresas y acceso cruzado,Video y respuesta Apex con empresa,Alto,Definir fuente Empresa en contexto de búsqueda,Negocio/Diego,P0,No consultado; autorización de lectura limitada a Flows,N/A,N/A,Carga todos los Pricebooks activos sin filtro empresarial visible,Filtrar por Empresa_Operadora__c y validar servidor; reconciliar diff; adoptar resolveForSource en el lote funcional correspondiente
C22,LWC,qoSearchDetailProduct,Documento/Manual + mensajes Luis,Existe: force-app/main/default/lwc/qoSearchDetailProduct; conciliado Lote 0.1,Existe; base técnica conciliada,N/A,Contrato empresaFactura vigente; conflicto Git/Partial resuelto,Bodega Apartados por nombre en lógica relacionada,WoliGridController2; pricebookReferenceDetails; Bodega; Quote; EmpresaPricebookResolver Lote 1 desplegado en Partial,BLOQUEADO,empresaFactura no está definida como Empresa_Operadora__c y Partial difiere,Reconciliar y reemplazar contrato ambiguo por clave empresarial estable,Producto Quote por Empresa/bodega/Softland,Video y payload/resultados Softland,Alto,Mapeo empresaFactura y bodega principal PEKING,Negocio/Diego,P0,No consultado; autorización de lectura limitada a Flows,N/A,N/A,Pasa empresaFactura a referencias Softland; bodegas dinámicas,Reconciliar y reemplazar contrato ambiguo por clave empresarial estable; adoptar resolveForSource en el lote funcional correspondiente
C23,LWC,woSearchDetailProduct,Documento/Manual + mensajes Luis,Existe: force-app/main/default/lwc/woSearchDetailProduct; conciliado Lote 0.1,Existe; base técnica conciliada,N/A,Contrato empresaFactura vigente; conflicto Git/Partial resuelto,includes('apartados'),WoliGridController; pricebookReferenceDetails; Bodega; WorkOrder; EmpresaPricebookResolver Lote 1 desplegado en Partial,BLOQUEADO,Nombre de bodega y empresaFactura son contratos no escalables; Partial difiere,Usar identificadores/configuración empresarial aprobados,Producto WO por Empresa/bodega/Softland,Video y trazabilidad de selección,Alto,Bodegas oficiales y empresaFactura PEKING,Negocio/Diego,P0,No consultado; autorización de lectura limitada a Flows,N/A,N/A,Usa empresaFactura y detecta bodega Apartados por nombre,Usar identificadores/configuración empresarial aprobados; adoptar resolveForSource en el lote funcional correspondiente
C24,LWC,localizacionDetails,Documento/Manual + mensajes Luis,Existe: force-app/main/default/lwc/localizacionDetails,Existe; contenido idéntico,N/A,Consulta localizaciones Softland por empresaFactura,Sin nombre/Id fijo visible,WoliGridController.getSoftlandLocations; Softland; Bodega,BLOQUEADO,Contrato empresaFactura debe mapearse a Empresa principal,Cambiar contrato en controlador tras definición funcional,Localizaciones para 3 empresas y respuesta vacía/error,Video y respuesta Softland anonimizada,Alto,Código ERP y localizaciones PEKING,Negocio/Diego,P0,No consultado; autorización de lectura limitada a Flows,N/A,N/A,Consulta localizaciones Softland por empresaFactura,Cambiar contrato en controlador tras definición funcional
C25,LWC,pricebookReferenceDetails,Documento/Manual + mensajes Luis,Existe: force-app/main/default/lwc/pricebookReferenceDetails; conciliado Lote 0.1,Existe; base técnica conciliada,N/A,Referencias Softland vigentes; conflicto Git/Partial resuelto,Nombre genérico empresaFactura; sin Id de Pricebook fijo,WoliGridController.getSoftlandPriceReferences; Softland; Pricebook; EmpresaPricebookResolver Lote 1 desplegado en Partial,BLOQUEADO,No debe elegirse una versión sin reconciliar y falta mapeo empresarial,Reconciliar JS y usar Empresa/Codigo_ERP estable,Referencias por 3 empresas y producto común,Video y resultados por empresa,Alto,Mapeo empresaFactura y precios PEKING,Negocio/Diego,P0,No consultado; autorización de lectura limitada a Flows,N/A,N/A,Referencias Softland por empresaFactura; desfase Git/Partial,Reconciliar JS y usar Empresa/Codigo_ERP estable; adoptar resolveForSource en el lote funcional correspondiente
