"Componente_ID","Fila_Alcance_Origen","Bloque","Frente","Metadata_Tipo","Objeto","Componente_API","Componente_Label","Estado_Git","Estado_Partial","Coincide_Git_Partial","Estado_Activo","Asignacion_Actual","RecordType_Relacionado","Referencia_Empresa_Marca","Aplica_PEKING","Exclusivo_Usados","Comportamiento_Actual","Accion_Potencial","Clasificacion","Dependencia","Bloqueo","Responsable_Definicion","Evidencia_Encontrada","Evidencia_Requerida","Prueba_Positiva_Requerida","Prueba_Negativa_Requerida","Nivel_Confianza","Notas"
"S3-0-B7-LAY-001","S3C-B07-01","7","Layouts","Layout","Opportunity","Opportunity-BMW Opportunity Layout","BMW Opportunity Layout","NO_EXISTE","EXISTE","NO_COMPARABLE","SIN_ESTADO_PROPIO","Pendiente de evidencia; el Layout no contiene su asignación","Pendiente de matriz de asignaciones","Campos relevantes: empresaQueFactura__c, Pricebook2Id, RecordTypeId","Sí","No","Expone 80 campos; contenido recuperado individualmente","Validar contenido y asignación antes de proponer cambio","PENDIENTE_EVIDENCIA","Record Types y asignaciones de página/layout","Asignación exacta no versionada","Equipo técnico","List Metadata y retrieve temporal de Partial 2026-08-06","Asignación por Record Type/perfil y captura QA","Abrir registro aplicable y verificar campos/acciones","Verificar que otra Empresa o VU no reciba exposición indebida","ALTO","Existencia no demuestra asignación activa."
"S3-0-B7-LAY-002","S3C-B07-02","7","Layouts","Layout","Account","Account-BMW Cuenta Empresarial  V2","BMW Cuenta Empresarial V2","NO_EXISTE","EXISTE","NO_COMPARABLE","SIN_ESTADO_PROPIO","Pendiente de evidencia; el Layout no contiene su asignación","Pendiente de matriz de asignaciones","Campos relevantes: CorreoElectronicoEmpresarial__c, RecordTypeId, CorreoElectronicoEmpresarial__c, RecordTypeId","Por determinar","No","Expone 64 campos; contenido recuperado individualmente","Validar contenido y asignación antes de proponer cambio","BLOQUEADO_NEGOCIO","Modelo Account por Empresa","No se confirmó variante PEKING ni asignación","Negocio","List Metadata y retrieve temporal de Partial 2026-08-06","Asignación por Record Type/perfil y captura QA","Abrir registro aplicable y verificar campos/acciones","Verificar que otra Empresa o VU no reciba exposición indebida","ALTO","Existencia no demuestra asignación activa."
"S3-0-B7-LAY-003","S3C-B07-03","7","Layouts","Layout","Product2","Product2-VehiculosParaV2","VehiculosParaV2","NO_EXISTE","EXISTE","NO_COMPARABLE","SIN_ESTADO_PROPIO","Pendiente de evidencia; el Layout no contiene su asignación","Pendiente de matriz de asignaciones","Campos relevantes: Marca__c, Empresa__c, RecordTypeId, cantidadInventario__c, cantidadDisponible__c","Sí","No","Expone 47 campos; contenido recuperado individualmente","Validar contenido y asignación antes de proponer cambio","SOLO_VALIDACION","Campos Product2 y Record Types","QA positivo sin datos oficiales","QA","List Metadata y retrieve temporal de Partial 2026-08-06","Asignación por Record Type/perfil y captura QA","Abrir registro aplicable y verificar campos/acciones","Verificar que otra Empresa o VU no reciba exposición indebida","ALTO","Existencia no demuestra asignación activa."
"S3-0-B7-LAY-004","S3C-B07-03","7","Layouts","Layout","Product2","Product2-Product Layout V1.1","Product Layout V1.1","NO_EXISTE","EXISTE","NO_COMPARABLE","SIN_ESTADO_PROPIO","Pendiente de evidencia; el Layout no contiene su asignación","Pendiente de matriz de asignaciones","Campos relevantes: RecordTypeId, Marca__c","Por determinar","No","Expone 27 campos; contenido recuperado individualmente","Validar contenido y asignación antes de proponer cambio","PENDIENTE_EVIDENCIA","Asignación de Record Type Product2","Asignación exacta pendiente","Equipo técnico","List Metadata y retrieve temporal de Partial 2026-08-06","Asignación por Record Type/perfil y captura QA","Abrir registro aplicable y verificar campos/acciones","Verificar que otra Empresa o VU no reciba exposición indebida","ALTO","Existencia no demuestra asignación activa."
"S3-0-B7-FLX-001","S3C-B07-04","7","FlexiPages","FlexiPage","Opportunity","Opportunity_Record_Page_VN","Opportunity Record Page VN","EXISTE","EXISTE","NO","ASIGNACION_ACTIVA_NO_DEMOSTRADA","RecordPage/AppPage recuperada; asignación por app/perfil no disponible en el artefacto","BMW, Jaecoo, Kawasaki, MINI, Motorrad, Omoda, Polaris","Reglas de visibilidad y componentes: cT_oppChangeData_lwc, expedienteFacturacionPanel, flexipage:column, flexipage:fieldSection, flexipage:tab, flexipage:tabset, flowruntime:interview, force:highlightsPanel, force:recordDetailPanelMobile, force:relatedListContainer, force:relatedListSingleContainer, runtime_sales_activities:activityPanel, runtime_sales_pathassistant:pathAssistant","Sí","No","Partial contiene una Quick Action adicional frente a Git.","Conciliar drift y asignaciones; no modificar en S3-0","DRIFT_GIT_PARTIAL","Asignaciones Lightning y criterio funcional","Asignación activa o decisión funcional pendiente","Equipo técnico / negocio","Tooling API, List Metadata, retrieve temporal y comparación semántica 2026-08-06","Activación por aplicación, Record Type y perfil; QA visual","Abrir la página con Record Type aplicable","Comprobar separación VN/VU y no cruce entre Empresas","ALTO","Partial contiene una Quick Action adicional frente a Git."
"S3-0-B7-FLX-002","S3C-B07-05","7","FlexiPages","FlexiPage","Quote","Quote_Record_Page_VN","Quote Record Page VN","NO_EXISTE","EXISTE","NO_COMPARABLE","ASIGNACION_ACTIVA_NO_DEMOSTRADA","RecordPage/AppPage recuperada; asignación por app/perfil no disponible en el artefacto","Kawasaki, Motorrad, Otobai, Polaris","Reglas de visibilidad y componentes: addExtraProduct, flexipage:tab, flexipage:tabset, flowruntime:interview, force:detailPanel, force:highlightsPanel, force:relatedListContainer, rm_vn_sync_quote, runtime_sales_activities:activityPanel, runtime_sales_pathassistant:pathAssistant","Sí","No","Visibilidad existente contempla segmentos legacy; modelo Quote PEKING no confirmado.","Conciliar drift y asignaciones; no modificar en S3-0","BLOQUEADO_NEGOCIO","Asignaciones Lightning y criterio funcional","Asignación activa o decisión funcional pendiente","Equipo técnico / negocio","Tooling API, List Metadata, retrieve temporal y comparación semántica 2026-08-06","Activación por aplicación, Record Type y perfil; QA visual","Abrir la página con Record Type aplicable","Comprobar separación VN/VU y no cruce entre Empresas","ALTO","Visibilidad existente contempla segmentos legacy; modelo Quote PEKING no confirmado."
"S3-0-B7-FLX-003","S3C-B07-05","7","FlexiPages","FlexiPage","Quote","Quote_Record_Page_VU","Quote Record Page VU","NO_EXISTE","EXISTE","NO_COMPARABLE","ASIGNACION_ACTIVA_NO_DEMOSTRADA","RecordPage/AppPage recuperada; asignación por app/perfil no disponible en el artefacto","Sin referencia nominal en visibilidad","Reglas de visibilidad y componentes: addExtraProduct, flexipage:tab, flexipage:tabset, flowruntime:interview, force:detailPanel, force:highlightsPanel, force:relatedListContainer, rm_vn_sync_quote, runtime_sales_activities:activityPanel, runtime_sales_pathassistant:pathAssistant","No","Sí","Página VU separada; PEKING no aplica a usados.","Conciliar drift y asignaciones; no modificar en S3-0","NO_APLICA","Asignaciones Lightning y criterio funcional","Ninguno","Equipo técnico / negocio","Tooling API, List Metadata, retrieve temporal y comparación semántica 2026-08-06","Activación por aplicación, Record Type y perfil; QA visual","Abrir la página con Record Type aplicable","Comprobar separación VN/VU y no cruce entre Empresas","ALTO","Página VU separada; PEKING no aplica a usados."
"S3-0-B7-FLX-004","S3C-B07-06","7","FlexiPages","FlexiPage","","Estadisticas_Inventario_Usados","Estadísticas Inventario Usados","NO_EXISTE","EXISTE","NO_COMPARABLE","ASIGNACION_ACTIVA_NO_DEMOSTRADA","RecordPage/AppPage recuperada; asignación por app/perfil no disponible en el artefacto","Sin referencia nominal en visibilidad","Reglas de visibilidad y componentes: cT_Estadisticas_Inventario_lwc","No","Sí","App Page exclusiva de usados.","Conciliar drift y asignaciones; no modificar en S3-0","NO_APLICA","Asignaciones Lightning y criterio funcional","Ninguno","Equipo técnico / negocio","Tooling API, List Metadata, retrieve temporal y comparación semántica 2026-08-06","Activación por aplicación, Record Type y perfil; QA visual","Abrir la página con Record Type aplicable","Comprobar separación VN/VU y no cruce entre Empresas","ALTO","App Page exclusiva de usados."
"S3-0-B7-FLX-005","S3C-B07-06","7","FlexiPages","FlexiPage","","Ver_Inventario_Vehiculos_Usados","Ver Inventario de Vehículos Usados","NO_EXISTE","EXISTE","NO_COMPARABLE","ASIGNACION_ACTIVA_NO_DEMOSTRADA","RecordPage/AppPage recuperada; asignación por app/perfil no disponible en el artefacto","Sin referencia nominal en visibilidad","Reglas de visibilidad y componentes: rm_vu_crear_opp","No","Sí","App Page exclusiva de usados.","Conciliar drift y asignaciones; no modificar en S3-0","NO_APLICA","Asignaciones Lightning y criterio funcional","Ninguno","Equipo técnico / negocio","Tooling API, List Metadata, retrieve temporal y comparación semántica 2026-08-06","Activación por aplicación, Record Type y perfil; QA visual","Abrir la página con Record Type aplicable","Comprobar separación VN/VU y no cruce entre Empresas","ALTO","App Page exclusiva de usados."
"S3-0-B7-QA-001","S3C-B07-07","7","Quick Actions","QuickAction","","BMW_EnviarCorreoPresupuesto","Enviar correo presupuesto","NO_EXISTE","EXISTE","NO_COMPARABLE","EXPOSICION_NO_DEMOSTRADA","Objetivo VisualforcePage: BMW_QuotePDFEmail","Pendiente de exposición en layout/página","Prefijo legacy BMW; dependencia Identidad, plantilla, remitente y datos legales","Sí","No","Invoca VisualforcePage BMW_QuotePDFEmail","Validar reutilización o variante sin duplicar automáticamente","BLOQUEADO_NEGOCIO","Identidad, plantilla, remitente y datos legales","Definición o evidencia pendiente","Negocio","List Metadata y retrieve temporal individual 2026-08-06","Exposición, ejecución con datos oficiales y evidencia visual","Ejecutar acción con Empresa explícita y configuración válida","Bloquear configuración ausente y evitar fallback a otra Empresa","ALTO","No se modificó la acción ni su Flow/Visualforce."
"S3-0-B7-QA-002","S3C-B07-08","7","Quick Actions","QuickAction","Quote","Quote.BMW_Duplicar_Partidas_de_Presupuesto","Duplicar partidas de presupuesto","NO_EXISTE","EXISTE","NO_COMPARABLE","EXPOSICION_NO_DEMOSTRADA","Objetivo Flow: BMW_DuplicaPartidasDePresupuesto","Pendiente de exposición en layout/página","Prefijo legacy BMW; dependencia Comportamiento del Flow con Empresa","Por determinar","No","Invoca Flow BMW_DuplicaPartidasDePresupuesto","Validar reutilización o variante sin duplicar automáticamente","PENDIENTE_EVIDENCIA","Comportamiento del Flow con Empresa","Definición o evidencia pendiente","Equipo técnico","List Metadata y retrieve temporal individual 2026-08-06","Exposición, ejecución con datos oficiales y evidencia visual","Ejecutar acción con Empresa explícita y configuración válida","Bloquear configuración ausente y evitar fallback a otra Empresa","ALTO","No se modificó la acción ni su Flow/Visualforce."
"S3-0-B7-QA-003","S3C-B07-09","7","Quick Actions","QuickAction","Quote","Quote.BMW_ImportarPlantilla","Importar plantilla presupuesto","NO_EXISTE","EXISTE","NO_COMPARABLE","EXPOSICION_NO_DEMOSTRADA","Objetivo Flow: BMW_ImportarPlantilla","Pendiente de exposición en layout/página","Prefijo legacy BMW; dependencia Plantillas oficiales y Flow de Sprint 2","Sí","No","Invoca Flow BMW_ImportarPlantilla","Validar reutilización o variante sin duplicar automáticamente","SOLO_VALIDACION","Plantillas oficiales y Flow de Sprint 2","Definición o evidencia pendiente","Negocio / QA","List Metadata y retrieve temporal individual 2026-08-06","Exposición, ejecución con datos oficiales y evidencia visual","Ejecutar acción con Empresa explícita y configuración válida","Bloquear configuración ausente y evitar fallback a otra Empresa","ALTO","No se modificó la acción ni su Flow/Visualforce."
"S3-0-B7-QA-004","S3C-B07-10","7","Quick Actions","QuickAction","WorkOrder","WorkOrder.BMW_CambiarMoneda","Cambiar moneda - BETA","NO_EXISTE","EXISTE","NO_COMPARABLE","EXPOSICION_NO_DEMOSTRADA","Objetivo VisualforcePage: BMW_ChangeCurrency","Pendiente de exposición en layout/página","Prefijo legacy BMW; dependencia Monedas y Pricebooks oficiales","Sí","No","Invoca VisualforcePage BMW_ChangeCurrency","Validar reutilización o variante sin duplicar automáticamente","BLOQUEADO_NEGOCIO","Monedas y Pricebooks oficiales","Definición o evidencia pendiente","Negocio","List Metadata y retrieve temporal individual 2026-08-06","Exposición, ejecución con datos oficiales y evidencia visual","Ejecutar acción con Empresa explícita y configuración válida","Bloquear configuración ausente y evitar fallback a otra Empresa","ALTO","No se modificó la acción ni su Flow/Visualforce."
"S3-0-B7-QA-005","S3C-B07-11","7","Quick Actions","QuickAction","WorkOrder","WorkOrder.BMW_ImportarPlantilla","Importar plantilla de OT","NO_EXISTE","EXISTE","NO_COMPARABLE","EXPOSICION_NO_DEMOSTRADA","Objetivo Flow: BMW_Importar_Plantilla_Orden_de_Trabajo","Pendiente de exposición en layout/página","Prefijo legacy BMW; dependencia Catálogos, servicios y taller","Sí","No","Invoca Flow BMW_Importar_Plantilla_Orden_de_Trabajo","Validar reutilización o variante sin duplicar automáticamente","BLOQUEADO_NEGOCIO","Catálogos, servicios y taller","Definición o evidencia pendiente","Negocio","List Metadata y retrieve temporal individual 2026-08-06","Exposición, ejecución con datos oficiales y evidencia visual","Ejecutar acción con Empresa explícita y configuración válida","Bloquear configuración ausente y evitar fallback a otra Empresa","ALTO","No se modificó la acción ni su Flow/Visualforce."
"S3-0-B9-VR-001","S3C-B09-01","9","Validation Rules","ValidationRule","Opportunity","Opportunity.AprobadorModificaDescuento","AprobadorModificaDescuento","NO_EXISTE","EXISTE","NO_COMPARABLE","INACTIVA","Regla del objeto Opportunity","Según fórmula: sin RT explícito","DescuentoAprobado__c","Por determinar","No","Fórmula inspeccionada: AND(ISCHANGED(DescuentoAprobado__c),\nDescuentoAprobado__c,\nAprobador_Usuario__c != 'Todos',\nAprobador_Usuario__c !=  $User.Id \n)","Definir aplicabilidad y probar; no activar ni modificar en S3-0","SOLO_VALIDACION","Política de descuentos/centros de costo y Record Types","QA y aplicabilidad pendientes","Negocio / QA","Tooling API y retrieve temporal individual 2026-08-06","Criterio aprobado, estado esperado y evidencia QA","Caso que debe guardar o avanzar sin disparar la regla","Caso que debe bloquearse con mensaje esperado","ALTO","Una regla inactiva no se clasificó automáticamente como NO_APLICA."
"S3-0-B9-VR-002","S3C-B09-01","9","Validation Rules","ValidationRule","Opportunity","Opportunity.BMW_OportunidadCerradaGanada","BMW_OportunidadCerradaGanada","NO_EXISTE","EXISTE","NO_COMPARABLE","INACTIVA","Regla del objeto Opportunity","Según fórmula: BMW, Kawasaki, MINI, Motorrad, Polaris","Descuento_Total_Moneda__c, Descuento_Total__c, Descuentos__c, descuento_Regalias__c, descuento_extras__c, descuento_vehiculos_total__c","Por determinar","No","Fórmula inspeccionada: AND(\nNOT(OR(\n        $Profile.Name = 'System Administrator',\n        $Profile.Name = 'Administrador del sistema'\n    )),\n $User.Email<> '[referencia fija omitida]',\nNOT(ISCHANGED(isLocked__c)),\nNOT(ISCHANGED(alertEmail__c)),\nNOT(ISCHANGED(creadaOTReserva__c)),\nNOT(ISCHANGED(modificadaDeQuote__c)),\nNOT(ISCHANGED(FechaUltimoCambioEtapa__c)),\nNOT(ISCHANGED(Costo_Total_de_la_Oportunidad__c)),\nNOT(ISCHANGED(Descuento_Total_Moneda__c)),\nNOT(ISCHANGED(Descuento_Total__c)),\nNOT(ISCHANGED(Monto_en_Mano_de_Obra__c)),\nNOT(ISCHANGED(Monto_en_materiales__c)),\nNOT(ISCHANGED(Monto_en_Subcontrato__c)),\nNOT(ISCHANGED(Montorecibototal__c)),\nNOT(ISCHANGED(Precio_total_de_listas__c)),\nNOT(ISCHANGED(Regal_as__c)),\nNOT(ISCHANGED(SumaCostoTotal__c)),\nNOT(ISCHANGED(SumaPrecioFacturacion__c)),\nNOT(ISCHANGED(SumaListaPrecio__c)),\nNOT(ISCHANGED(Sumatoria_de_Descuentos__c)),\nNOT(ISCHANGED(Total_Costo_Fijo_Softland__c)),\nNOT(ISCHANGED(MontodeExtras__c)),\nNOT(ISCHANGED(MontodeRegalias__c)),\nNOT(ISCHANGED(Valor_descuento_vehiculos_total__c)),\nNOT(ISCHANGED(ValorTotal__c)),\nNOT(ISCHANGED(Valor_total_descuento_extras__c)),\nNOT(ISCHANGED(Valor_total_descuento_Regalias__c)),\nNOT(ISCHANGED(JefeSucursal__c)),\nNOT(ISCHANGED(GerenteSucursal__c)),\nNOT(ISCHANGED(NombreProducto__c)),\nNOT(ISCHANGED(Plazo_Maximo__c)),\nisLocked__c,\nOR(RecordType.Name = 'BMW',\nRecordType.Name = 'Kawasaki',\nRecordType.Name = 'MINI',\nRecordType.Name = 'Polaris',\nRecordType.Name = 'Motorrad'\n)\n)","Definir aplicabilidad y probar; no activar ni modificar en S3-0","SOLO_VALIDACION","Política de descuentos/centros de costo y Record Types","QA y aplicabilidad pendientes","Negocio / QA","Tooling API y retrieve temporal individual 2026-08-06","Criterio aprobado, estado esperado y evidencia QA","Caso que debe guardar o avanzar sin disparar la regla","Caso que debe bloquearse con mensaje esperado","ALTO","Una regla inactiva no se clasificó automáticamente como NO_APLICA."
"S3-0-B9-VR-003","S3C-B09-01","9","Validation Rules","ValidationRule","Opportunity","Opportunity.Cambiar_a_Finalizado_Descuento","Cambiar_a_Finalizado_Descuento","NO_EXISTE","EXISTE","NO_COMPARABLE","ACTIVA","Regla del objeto Opportunity","Según fórmula: BMW, MINI","DescuentoAprobado__c, Descuento_rechazado__c","Sí","No","Fórmula inspeccionada: AND(\n  NOT(CONTAINS($Profile.Name, ""Admin"")),\n  ISPICKVAL(StageName, ""Finalizado""),\n  OR(\n    $RecordType.DeveloperName = ""BMW"",\n    $RecordType.DeveloperName = ""MINI""\n  ),\n  NOT(ISBLANK(Aprobador__c)),\n  Aprobador__c <> ""Vendedor"",\n  OR(\n    NOT(DescuentoAprobado__c),\n    Descuento_rechazado__c\n  )\n)","Definir aplicabilidad y probar; no activar ni modificar en S3-0","BLOQUEADO_NEGOCIO","Política de descuentos/centros de costo y Record Types","Criterio PEKING no confirmado","Negocio","Tooling API y retrieve temporal individual 2026-08-06","Criterio aprobado, estado esperado y evidencia QA","Caso que debe guardar o avanzar sin disparar la regla","Caso que debe bloquearse con mensaje esperado","ALTO","Una regla inactiva no se clasificó automáticamente como NO_APLICA."
"S3-0-B9-VR-004","S3C-B09-01","9","Validation Rules","ValidationRule","Opportunity","Opportunity.NoModificaAprobador","NoModificaAprobador","NO_EXISTE","EXISTE","NO_COMPARABLE","INACTIVA","Regla del objeto Opportunity","Según fórmula: sin RT explícito","Sin referencia nominal explícita","Por determinar","No","Fórmula inspeccionada: AND(ISCHANGED(Aprobador__c),NOT(ISCHANGED(Aprobador_Flujo__c)))","Definir aplicabilidad y probar; no activar ni modificar en S3-0","SOLO_VALIDACION","Política de descuentos/centros de costo y Record Types","QA y aplicabilidad pendientes","Negocio / QA","Tooling API y retrieve temporal individual 2026-08-06","Criterio aprobado, estado esperado y evidencia QA","Caso que debe guardar o avanzar sin disparar la regla","Caso que debe bloquearse con mensaje esperado","ALTO","Una regla inactiva no se clasificó automáticamente como NO_APLICA."
"S3-0-B9-VR-005","S3C-B09-01","9","Validation Rules","ValidationRule","Opportunity","Opportunity.OfertaDescuentoNoAprobado","OfertaDescuentoNoAprobado","NO_EXISTE","EXISTE","NO_COMPARABLE","INACTIVA","Regla del objeto Opportunity","Según fórmula: sin RT explícito","DescuentoAprobado__c","Por determinar","No","Fórmula inspeccionada: AND( RecordType.Name != 'Taller',\nISPICKVAL ( StageName , ""Oferta"" ), DescuentoAprobado__c = False)","Definir aplicabilidad y probar; no activar ni modificar en S3-0","SOLO_VALIDACION","Política de descuentos/centros de costo y Record Types","QA y aplicabilidad pendientes","Negocio / QA","Tooling API y retrieve temporal individual 2026-08-06","Criterio aprobado, estado esperado y evidencia QA","Caso que debe guardar o avanzar sin disparar la regla","Caso que debe bloquearse con mensaje esperado","ALTO","Una regla inactiva no se clasificó automáticamente como NO_APLICA."
"S3-0-B9-VR-006","S3C-B09-04","9","Validation Rules","ValidationRule","Product2","Product2.No_permita_mas_del_descuento_maximo","No_permita_mas_del_descuento_maximo","NO_EXISTE","EXISTE","NO_COMPARABLE","INACTIVA","Regla del objeto Product2","Según fórmula: sin RT explícito","Descuento__c","Por determinar","No","Fórmula inspeccionada: procentajeMargenMaximo__c <  porcentajeDescuento__c","Definir aplicabilidad y probar; no activar ni modificar en S3-0","SOLO_VALIDACION","Política de descuentos/centros de costo y Record Types","QA y aplicabilidad pendientes","Negocio / QA","Tooling API y retrieve temporal individual 2026-08-06","Criterio aprobado, estado esperado y evidencia QA","Caso que debe guardar o avanzar sin disparar la regla","Caso que debe bloquearse con mensaje esperado","ALTO","Una regla inactiva no se clasificó automáticamente como NO_APLICA."
"S3-0-B9-VR-007","S3C-B09-02","9","Validation Rules","ValidationRule","Quote","Quote.CentrodeCostoLlenoCuandoCostoFijo","CentrodeCostoLlenoCuandoCostoFijo","NO_EXISTE","EXISTE","NO_COMPARABLE","ACTIVA","Regla del objeto Quote","Según fórmula: sin RT explícito","Centro_de_Costo__r","Por determinar","No","Fórmula inspeccionada: AND(\n    BMW_CostoFijo__c = TRUE,\n    ISBLANK(Centro_de_Costo__r.Id) \n)","Definir aplicabilidad y probar; no activar ni modificar en S3-0","SOLO_VALIDACION","Política de descuentos/centros de costo y Record Types","QA y aplicabilidad pendientes","Negocio / QA","Tooling API y retrieve temporal individual 2026-08-06","Criterio aprobado, estado esperado y evidencia QA","Caso que debe guardar o avanzar sin disparar la regla","Caso que debe bloquearse con mensaje esperado","ALTO","Una regla inactiva no se clasificó automáticamente como NO_APLICA."
"S3-0-B9-VR-008","S3C-B09-02","9","Validation Rules","ValidationRule","Quote","Quote.PresupuestoCostoFijoEmpleado","PresupuestoCostoFijoEmpleado","NO_EXISTE","EXISTE","NO_COMPARABLE","ACTIVA","Regla del objeto Quote","Según fórmula: sin RT explícito","Sin referencia nominal explícita","Por determinar","No","Fórmula inspeccionada: AND(BMW_CostoFijo__c = TRUE, Precio_empleado__c = TRUE)","Definir aplicabilidad y probar; no activar ni modificar en S3-0","SOLO_VALIDACION","Política de descuentos/centros de costo y Record Types","QA y aplicabilidad pendientes","Negocio / QA","Tooling API y retrieve temporal individual 2026-08-06","Criterio aprobado, estado esperado y evidencia QA","Caso que debe guardar o avanzar sin disparar la regla","Caso que debe bloquearse con mensaje esperado","ALTO","Una regla inactiva no se clasificó automáticamente como NO_APLICA."
"S3-0-B9-VR-009","S3C-B09-03","9","Validation Rules","ValidationRule","WorkOrder","WorkOrder.BMW_Centro_de_Costos_Obligatorio","BMW_Centro_de_Costos_Obligatorio","NO_EXISTE","EXISTE","NO_COMPARABLE","ACTIVA","Regla del objeto WorkOrder","Según fórmula: sin RT explícito","CentroDeCosto__c","Por determinar","No","Fórmula inspeccionada: AND( ISPICKVAL(tipoDeGasto__c , 'Interno'),\nBMW_CentroDeCosto__c == NULL,\nISCHANGED(tipoDeGasto__c)\n)","Definir aplicabilidad y probar; no activar ni modificar en S3-0","BLOQUEADO_NEGOCIO","Política de descuentos/centros de costo y Record Types","Criterio PEKING no confirmado","Negocio","Tooling API y retrieve temporal individual 2026-08-06","Criterio aprobado, estado esperado y evidencia QA","Caso que debe guardar o avanzar sin disparar la regla","Caso que debe bloquearse con mensaje esperado","ALTO","Una regla inactiva no se clasificó automáticamente como NO_APLICA."
"S3-0-B9-VR-010","S3C-B09-03","9","Validation Rules","ValidationRule","WorkOrder","WorkOrder.reglaaprobacioncentroDeCosto","reglaaprobacioncentroDeCosto","NO_EXISTE","EXISTE","NO_COMPARABLE","INACTIVA","Regla del objeto WorkOrder","Según fórmula: sin RT explícito","Centro_de_Costos__c","Por determinar","No","Fórmula inspeccionada: AND(\n    ISCHANGED(controlField__c),\n    $User.Id <> Aprobador_Centro_de_Costos__c\n)","Definir aplicabilidad y probar; no activar ni modificar en S3-0","BLOQUEADO_NEGOCIO","Política de descuentos/centros de costo y Record Types","Criterio PEKING no confirmado","Negocio","Tooling API y retrieve temporal individual 2026-08-06","Criterio aprobado, estado esperado y evidencia QA","Caso que debe guardar o avanzar sin disparar la regla","Caso que debe bloquearse con mensaje esperado","ALTO","Una regla inactiva no se clasificó automáticamente como NO_APLICA."

"S3-0-B9-ROL-013","S3C-B09-08","9","Roles","Role","UserRole","Vendedores_Autos","Vendedores Autos","NO_EXISTE","EXISTE","NO_COMPARABLE","N/A","Parent: Jefe_de_Ventas_Autos; usuarios activos observados: 24","No aplica","Jerarquía Autos/Motos; no existe rol nominal PEKING/Omoda/Jaecoo","Por determinar","No demostrado","Rol vigente en jerarquía; conteo agregado sin identidades personales","Definir jerarquía PEKING antes de crear o alterar roles","BLOQUEADO_NEGOCIO","Modelo de seguridad, sucursales y responsables","Jerarquía PEKING no confirmada","Negocio / Luis","List Metadata, retrieve temporal y conteo agregado de usuarios activos 2026-08-06","Jerarquía aprobada y matriz de acceso","Perfil QA autorizado ve registros de su Empresa","Perfil QA no ve registros de otra Empresa","ALTO","Filtros de interfaz no equivalen a seguridad."
"S3-0-B9-ROL-014","S3C-B09-08","9","Roles","Role","UserRole","Vendedores_Motos","Vendedores Motos","NO_EXISTE","EXISTE","NO_COMPARABLE","N/A","Parent: Jefe_de_Ventas_Motos; usuarios activos observados: 10","No aplica","Jerarquía Autos/Motos; no existe rol nominal PEKING/Omoda/Jaecoo","Por determinar","No demostrado","Rol vigente en jerarquía; conteo agregado sin identidades personales","Definir jerarquía PEKING antes de crear o alterar roles","BLOQUEADO_NEGOCIO","Modelo de seguridad, sucursales y responsables","Jerarquía PEKING no confirmada","Negocio / Luis","List Metadata, retrieve temporal y conteo agregado de usuarios activos 2026-08-06","Jerarquía aprobada y matriz de acceso","Perfil QA autorizado ve registros de su Empresa","Perfil QA no ve registros de otra Empresa","ALTO","Filtros de interfaz no equivalen a seguridad."
"S3-0-B9-ROL-015","S3C-B09-08","9","Roles","Role","UserRole","View_All","Admin - View All","NO_EXISTE","EXISTE","NO_COMPARABLE","N/A","Parent: raíz; usuarios activos observados: 12","No aplica","Jerarquía Autos/Motos; no existe rol nominal PEKING/Omoda/Jaecoo","Por determinar","No demostrado","Rol vigente en jerarquía; conteo agregado sin identidades personales","Definir jerarquía PEKING antes de crear o alterar roles","BLOQUEADO_NEGOCIO","Modelo de seguridad, sucursales y responsables","Jerarquía PEKING no confirmada","Negocio / Luis","List Metadata, retrieve temporal y conteo agregado de usuarios activos 2026-08-06","Jerarquía aprobada y matriz de acceso","Perfil QA autorizado ve registros de su Empresa","Perfil QA no ve registros de otra Empresa","ALTO","Filtros de interfaz no equivalen a seguridad."
"S3-0-B11-CMDT-001","S3C-B11-01","11","Custom Metadata","CustomMetadata","RM_Config__mdt","RM_Config.Default_Price_List_VN","Default Price List VN","NO_EXISTE","EXISTE","NO_COMPARABLE","SIN_ESTADO_PROPIO","Consumidor: RM_VN_CambiarVehiculo_Ctrl; RM_VN_Service","","Descripcion__c=; Description__c=Nombre de la lsiatde precios default para vehiculos nuevos, se utiliza en los componentes al seleccionar inventario; Perfiles__c=; Value__c=Bavarian Dólar","Sí","No","Valores funcionales no sensibles recuperados; RM_VN_CambiarVehiculo_Ctrl; RM_VN_Service","Validar funcionalmente; no modificar en S3-0","BLOQUEADO_NEGOCIO","Pricebook VN oficial y estrategia por Empresa","Decisión o QA pendiente","Negocio / QA","List Metadata, retrieve temporal y búsqueda de consumidores 2026-08-06","Prueba funcional por consumidor","Consumidor resuelve el registro esperado","Configuración ausente o desconocida produce error controlado","ALTO",""
"S3-0-B11-CMDT-002","S3C-B11-02","11","Custom Metadata","CustomMetadata","RM_Config__mdt","RM_Config.Default_Price_List_VU","Default Price List VU","NO_EXISTE","EXISTE","NO_COMPARABLE","SIN_ESTADO_PROPIO","Consumidor: Consumidor no identificado en alcance","","Descripcion__c=; Description__c=; Perfiles__c=; Value__c=Bavarian Dólar","No","Sí","Valores funcionales no sensibles recuperados; Consumidor no identificado en alcance","Validar funcionalmente; no modificar en S3-0","NO_APLICA","Confirmación de exclusión de usados","Ninguno","Negocio / QA","List Metadata, retrieve temporal y búsqueda de consumidores 2026-08-06","Prueba funcional por consumidor","Consumidor resuelve el registro esperado","Configuración ausente o desconocida produce error controlado","ALTO",""
"S3-0-B11-CMDT-003","S3C-B11-02","11","Custom Metadata","CustomMetadata","RM_Config__mdt","RM_Config.Default_Price_List_VU_Currency_Code","Default Price List VU Currency Code","NO_EXISTE","EXISTE","NO_COMPARABLE","SIN_ESTADO_PROPIO","Consumidor: Consumidor no identificado en alcance","","Descripcion__c=; Description__c=; Perfiles__c=; Value__c=USD","No","Sí","Valores funcionales no sensibles recuperados; Consumidor no identificado en alcance","Validar funcionalmente; no modificar en S3-0","NO_APLICA","Confirmación de exclusión de usados","Ninguno","Negocio / QA","List Metadata, retrieve temporal y búsqueda de consumidores 2026-08-06","Prueba funcional por consumidor","Consumidor resuelve el registro esperado","Configuración ausente o desconocida produce error controlado","ALTO",""
"S3-0-B11-CMDT-004","S3C-B11-01","11","Custom Metadata","CustomMetadata","RM_Config__mdt","RM_Config.Flag_OPI","Flag OPI","NO_EXISTE","EXISTE","NO_COMPARABLE","SIN_ESTADO_PROPIO","Consumidor: Consumidor no identificado en alcance","","Descripcion__c=; Description__c=; Perfiles__c=System Administrator,Administrador del sistema; Value__c=true","No demostrado","No","Valores funcionales no sensibles recuperados; Consumidor no identificado en alcance","Validar funcionalmente; no modificar en S3-0","NO_APLICA","Sin relación demostrada con Empresa/PEKING","Ninguno","Negocio / QA","List Metadata, retrieve temporal y búsqueda de consumidores 2026-08-06","Prueba funcional por consumidor","Consumidor resuelve el registro esperado","Configuración ausente o desconocida produce error controlado","ALTO",""
"S3-0-B11-CMDT-005","S3C-B11-01","11","Custom Metadata","CustomMetadata","RM_Config__mdt","RM_Config.PAGE_SIZE_VN","PAGE_SIZE_VN","NO_EXISTE","EXISTE","NO_COMPARABLE","SIN_ESTADO_PROPIO","Consumidor: Consumidor no identificado en alcance","","Descripcion__c=; Description__c=; Perfiles__c=; Value__c=20","No demostrado","No","Valores funcionales no sensibles recuperados; Consumidor no identificado en alcance","Validar funcionalmente; no modificar en S3-0","NO_APLICA","Sin relación demostrada con Empresa/PEKING","Ninguno","Negocio / QA","List Metadata, retrieve temporal y búsqueda de consumidores 2026-08-06","Prueba funcional por consumidor","Consumidor resuelve el registro esperado","Configuración ausente o desconocida produce error controlado","ALTO",""
"S3-0-B11-CMDT-006","S3C-B11-03","11","Custom Metadata","CustomMetadata","RM_RecordTypeMapping__mdt","RM_RecordTypeMapping.Lead_Autos_Usados_Oportunidad","Lead Autos Usados - Oportunidad","NO_EXISTE","EXISTE","NO_COMPARABLE","ACTIVO","Consumidor: RM_Lead_Trigger_Helper","Autos_Usados → Autos_Usados","RM_IsActive__c=true; RM_SourceObject__c=Lead; RM_SourceRecordTypeName__c=Autos_Usados; RM_TargetObject__c=Opportunity; RM_TargetRecordTypeName__c=Autos_Usados","No","Sí","Valores funcionales no sensibles recuperados; RM_Lead_Trigger_Helper","Validar funcionalmente; no modificar en S3-0","NO_APLICA","Exclusión de usados","Ninguno","Negocio / QA","List Metadata, retrieve temporal y búsqueda de consumidores 2026-08-06","Prueba funcional por consumidor","Consumidor resuelve el registro esperado","Configuración ausente o desconocida produce error controlado","ALTO",""
"S3-0-B11-CMDT-007","S3C-B11-03","11","Custom Metadata","CustomMetadata","RM_RecordTypeMapping__mdt","RM_RecordTypeMapping.Lead_BMW_to_Opp","Lead BMW to Opp","NO_EXISTE","EXISTE","NO_COMPARABLE","ACTIVO","Consumidor: RM_Lead_Trigger_Helper","BMW → Polaris","RM_IsActive__c=true; RM_SourceObject__c=Lead; RM_SourceRecordTypeName__c=BMW; RM_TargetObject__c=Opportunity; RM_TargetRecordTypeName__c=Polaris","No","No","Valores funcionales no sensibles recuperados; RM_Lead_Trigger_Helper","Validar funcionalmente; no modificar en S3-0","NO_APLICA","Mapping legacy conservado para regresión","Ninguno","Negocio / QA","List Metadata, retrieve temporal y búsqueda de consumidores 2026-08-06","Prueba funcional por consumidor","Consumidor resuelve el registro esperado","Configuración ausente o desconocida produce error controlado","ALTO",""
"S3-0-B11-CMDT-008","S3C-B11-03","11","Custom Metadata","CustomMetadata","RM_RecordTypeMapping__mdt","RM_RecordTypeMapping.Lead_Cartera_Madura_to_Opp","Lead Cartera_Madura to Opp","NO_EXISTE","EXISTE","NO_COMPARABLE","ACTIVO","Consumidor: RM_Lead_Trigger_Helper","Cartera_Madura → Cartera_Madura","RM_IsActive__c=true; RM_SourceObject__c=Lead; RM_SourceRecordTypeName__c=Cartera_Madura; RM_TargetObject__c=Opportunity; RM_TargetRecordTypeName__c=Cartera_Madura","No","No","Valores funcionales no sensibles recuperados; RM_Lead_Trigger_Helper","Validar funcionalmente; no modificar en S3-0","NO_APLICA","Mapping legacy conservado para regresión","Ninguno","Negocio / QA","List Metadata, retrieve temporal y búsqueda de consumidores 2026-08-06","Prueba funcional por consumidor","Consumidor resuelve el registro esperado","Configuración ausente o desconocida produce error controlado","ALTO",""
"S3-0-B11-CMDT-009","S3C-B11-03","11","Custom Metadata","CustomMetadata","RM_RecordTypeMapping__mdt","RM_RecordTypeMapping.Lead_Harley_Davidson_to_Opp","Lead Harley_Davidson to Opp","NO_EXISTE","EXISTE","NO_COMPARABLE","ACTIVO","Consumidor: RM_Lead_Trigger_Helper","Harley_Davidson → Harley_Davidson","RM_IsActive__c=true; RM_SourceObject__c=Lead; RM_SourceRecordTypeName__c=Harley_Davidson; RM_TargetObject__c=Opportunity; RM_TargetRecordTypeName__c=Harley_Davidson","No","No","Valores funcionales no sensibles recuperados; RM_Lead_Trigger_Helper","Validar funcionalmente; no modificar en S3-0","NO_APLICA","Mapping legacy conservado para regresión","Ninguno","Negocio / QA","List Metadata, retrieve temporal y búsqueda de consumidores 2026-08-06","Prueba funcional por consumidor","Consumidor resuelve el registro esperado","Configuración ausente o desconocida produce error controlado","ALTO",""
"S3-0-B11-CMDT-010","S3C-B11-03","11","Custom Metadata","CustomMetadata","RM_RecordTypeMapping__mdt","RM_RecordTypeMapping.Lead_Indian_Oportunidad","Lead Indian - Oportunidad","NO_EXISTE","EXISTE","NO_COMPARABLE","ACTIVO","Consumidor: RM_Lead_Trigger_Helper","Indian → Indian","RM_IsActive__c=true; RM_SourceObject__c=Lead; RM_SourceRecordTypeName__c=Indian; RM_TargetObject__c=Opportunity; RM_TargetRecordTypeName__c=Indian","No","No","Valores funcionales no sensibles recuperados; RM_Lead_Trigger_Helper","Validar funcionalmente; no modificar en S3-0","NO_APLICA","Mapping legacy conservado para regresión","Ninguno","Negocio / QA","List Metadata, retrieve temporal y búsqueda de consumidores 2026-08-06","Prueba funcional por consumidor","Consumidor resuelve el registro esperado","Configuración ausente o desconocida produce error controlado","ALTO",""
"S3-0-B11-CMDT-011","S3C-B11-03","11","Custom Metadata","CustomMetadata","RM_RecordTypeMapping__mdt","RM_RecordTypeMapping.Lead_Jaecoo_to_Opp","Lead Jaecoo to Opp","EXISTE","EXISTE","SI","ACTIVO","Consumidor: RM_Lead_Trigger_Helper","Jaecoo → Jaecoo","RM_IsActive__c=true; RM_SourceObject__c=Lead; RM_SourceRecordTypeName__c=Jaecoo; RM_TargetObject__c=Opportunity; RM_TargetRecordTypeName__c=Jaecoo","Sí","No","Valores funcionales no sensibles recuperados; RM_Lead_Trigger_Helper","Validar funcionalmente; no modificar en S3-0","SOLO_VALIDACION","Record Types Lead/Opportunity y conversión funcional","Decisión o QA pendiente","Negocio / QA","List Metadata, retrieve temporal y búsqueda de consumidores 2026-08-06","Prueba funcional por consumidor","Consumidor resuelve el registro esperado","Configuración ausente o desconocida produce error controlado","ALTO","Los mappings Omoda/Jaecoo coinciden semánticamente entre Git y Partial."
"S3-0-B11-CMDT-012","S3C-B11-03","11","Custom Metadata","CustomMetadata","RM_RecordTypeMapping__mdt","RM_RecordTypeMapping.Lead_Kawasaki_Oportunidad","Lead Kawasaki - Oportunidad","NO_EXISTE","EXISTE","NO_COMPARABLE","ACTIVO","Consumidor: RM_Lead_Trigger_Helper","Kawasaki → Kawasaki","RM_IsActive__c=true; RM_SourceObject__c=Lead; RM_SourceRecordTypeName__c=Kawasaki; RM_TargetObject__c=Opportunity; RM_TargetRecordTypeName__c=Kawasaki","No","No","Valores funcionales no sensibles recuperados; RM_Lead_Trigger_Helper","Validar funcionalmente; no modificar en S3-0","NO_APLICA","Mapping legacy conservado para regresión","Ninguno","Negocio / QA","List Metadata, retrieve temporal y búsqueda de consumidores 2026-08-06","Prueba funcional por consumidor","Consumidor resuelve el registro esperado","Configuración ausente o desconocida produce error controlado","ALTO",""
"S3-0-B11-CMDT-013","S3C-B11-03","11","Custom Metadata","CustomMetadata","RM_RecordTypeMapping__mdt","RM_RecordTypeMapping.Lead_MINI_to_Opp","Lead MINI to Opp","NO_EXISTE","EXISTE","NO_COMPARABLE","ACTIVO","Consumidor: RM_Lead_Trigger_Helper","MINI → MINI","RM_IsActive__c=true; RM_SourceObject__c=Lead; RM_SourceRecordTypeName__c=MINI; RM_TargetObject__c=Opportunity; RM_TargetRecordTypeName__c=MINI","No","No","Valores funcionales no sensibles recuperados; RM_Lead_Trigger_Helper","Validar funcionalmente; no modificar en S3-0","NO_APLICA","Mapping legacy conservado para regresión","Ninguno","Negocio / QA","List Metadata, retrieve temporal y búsqueda de consumidores 2026-08-06","Prueba funcional por consumidor","Consumidor resuelve el registro esperado","Configuración ausente o desconocida produce error controlado","ALTO",""
"S3-0-B11-CMDT-014","S3C-B11-03","11","Custom Metadata","CustomMetadata","RM_RecordTypeMapping__mdt","RM_RecordTypeMapping.Lead_Motorrad_to_Opp","Lead Motorrad to Opp","NO_EXISTE","EXISTE","NO_COMPARABLE","ACTIVO","Consumidor: RM_Lead_Trigger_Helper","Motorrad → Motorrad","RM_IsActive__c=true; RM_SourceObject__c=Lead; RM_SourceRecordTypeName__c=Motorrad; RM_TargetObject__c=Opportunity; RM_TargetRecordTypeName__c=Motorrad","No","No","Valores funcionales no sensibles recuperados; RM_Lead_Trigger_Helper","Validar funcionalmente; no modificar en S3-0","NO_APLICA","Mapping legacy conservado para regresión","Ninguno","Negocio / QA","List Metadata, retrieve temporal y búsqueda de consumidores 2026-08-06","Prueba funcional por consumidor","Consumidor resuelve el registro esperado","Configuración ausente o desconocida produce error controlado","ALTO",""
"S3-0-B11-CMDT-015","S3C-B11-03","11","Custom Metadata","CustomMetadata","RM_RecordTypeMapping__mdt","RM_RecordTypeMapping.Lead_Motos_Usados_Oportunidad","Lead Motos Usados - Oportunidad","NO_EXISTE","EXISTE","NO_COMPARABLE","ACTIVO","Consumidor: RM_Lead_Trigger_Helper","Motos_Usados → Motos_Usados","RM_IsActive__c=true; RM_SourceObject__c=Lead; RM_SourceRecordTypeName__c=Motos_Usados; RM_TargetObject__c=Opportunity; RM_TargetRecordTypeName__c=Motos_Usados","No","Sí","Valores funcionales no sensibles recuperados; RM_Lead_Trigger_Helper","Validar funcionalmente; no modificar en S3-0","NO_APLICA","Exclusión de usados","Ninguno","Negocio / QA","List Metadata, retrieve temporal y búsqueda de consumidores 2026-08-06","Prueba funcional por consumidor","Consumidor resuelve el registro esperado","Configuración ausente o desconocida produce error controlado","ALTO",""
"S3-0-B11-CMDT-016","S3C-B11-03","11","Custom Metadata","CustomMetadata","RM_RecordTypeMapping__mdt","RM_RecordTypeMapping.Lead_Omoda_to_Opp","Lead Omoda to Opp","EXISTE","EXISTE","SI","ACTIVO","Consumidor: RM_Lead_Trigger_Helper","Omoda → Omoda","RM_IsActive__c=true; RM_SourceObject__c=Lead; RM_SourceRecordTypeName__c=Omoda; RM_TargetObject__c=Opportunity; RM_TargetRecordTypeName__c=Omoda","Sí","No","Valores funcionales no sensibles recuperados; RM_Lead_Trigger_Helper","Validar funcionalmente; no modificar en S3-0","SOLO_VALIDACION","Record Types Lead/Opportunity y conversión funcional","Decisión o QA pendiente","Negocio / QA","List Metadata, retrieve temporal y búsqueda de consumidores 2026-08-06","Prueba funcional por consumidor","Consumidor resuelve el registro esperado","Configuración ausente o desconocida produce error controlado","ALTO","Los mappings Omoda/Jaecoo coinciden semánticamente entre Git y Partial."
"S3-0-B11-CMDT-017","S3C-B11-03","11","Custom Metadata","CustomMetadata","RM_RecordTypeMapping__mdt","RM_RecordTypeMapping.Lead_Polaris_to_Opp","Lead Polaris to Opp","NO_EXISTE","EXISTE","NO_COMPARABLE","ACTIVO","Consumidor: RM_Lead_Trigger_Helper","Polaris → Polaris","RM_IsActive__c=true; RM_SourceObject__c=Lead; RM_SourceRecordTypeName__c=Polaris; RM_TargetObject__c=Opportunity; RM_TargetRecordTypeName__c=Polaris","No","No","Valores funcionales no sensibles recuperados; RM_Lead_Trigger_Helper","Validar funcionalmente; no modificar en S3-0","NO_APLICA","Mapping legacy conservado para regresión","Ninguno","Negocio / QA","List Metadata, retrieve temporal y búsqueda de consumidores 2026-08-06","Prueba funcional por consumidor","Consumidor resuelve el registro esperado","Configuración ausente o desconocida produce error controlado","ALTO",""
"S3-0-B11-EMP-001","S3C-B11-04","11","Configuración Empresa/ERP","CustomObjectRecord","Empresa__c","RMBAVARIAN","RMBAVARIAN","ESQUEMA_VERSIONADO_DATOS_NO","EXISTE","NO_COMPARABLE","ACTIVO","Codigo__c y Codigo_ERP__c coinciden","No aplica","RMBAVARIAN","Regresión","No","Registro activo de Empresa; valor legal no consultado ni documentado","Solo validar consumo; no modificar datos","SOLO_VALIDACION","Consumidores Sprint 1/2 y configuración Softland","Validación funcional de integración pendiente","Diego / QA","SOQL de lectura 2026-08-06 sobre códigos y estado; sin datos legales","Trazabilidad por consumidor y prueba controlada","Resolver código ERP correcto por Empresa","Código desconocido no cae en otra Empresa","ALTO","No representa integración Softland terminada."
"S3-0-B11-EMP-002","S3C-B11-04","11","Configuración Empresa/ERP","CustomObjectRecord","Empresa__c","RMOTOBAI","RMOTOBAI","ESQUEMA_VERSIONADO_DATOS_NO","EXISTE","NO_COMPARABLE","ACTIVO","Codigo__c y Codigo_ERP__c coinciden","No aplica","RMOTOBAI","Regresión","No","Registro activo de Empresa; valor legal no consultado ni documentado","Solo validar consumo; no modificar datos","SOLO_VALIDACION","Consumidores Sprint 1/2 y configuración Softland","Validación funcional de integración pendiente","Diego / QA","SOQL de lectura 2026-08-06 sobre códigos y estado; sin datos legales","Trazabilidad por consumidor y prueba controlada","Resolver código ERP correcto por Empresa","Código desconocido no cae en otra Empresa","ALTO","No representa integración Softland terminada."
"S3-0-B11-EMP-003","S3C-B11-04","11","Configuración Empresa/ERP","CustomObjectRecord","Empresa__c","RMPEKING","RMPEKING","ESQUEMA_VERSIONADO_DATOS_NO","EXISTE","NO_COMPARABLE","ACTIVO","Codigo__c y Codigo_ERP__c coinciden","No aplica","RMPEKING","Sí","No","Registro activo de Empresa; valor legal no consultado ni documentado","Solo validar consumo; no modificar datos","SOLO_VALIDACION","Consumidores Sprint 1/2 y configuración Softland","Validación funcional de integración pendiente","Diego / QA","SOQL de lectura 2026-08-06 sobre códigos y estado; sin datos legales","Trazabilidad por consumidor y prueba controlada","Resolver código ERP correcto por Empresa","Código desconocido no cae en otra Empresa","ALTO","No representa integración Softland terminada."
"S3-0-B11-END-001","S3C-B11-05","11","Integración Softland configurable","NamedCredential/ExternalCredential/CustomLabel","","Mecanismo_configurable_endpoints_Softland","Mecanismo configurable de endpoints Softland","NO_CONCILIADO","EVIDENCIA_INSUFICIENTE","NO_COMPARABLE","N/A","Instancia y endpoints existentes con contexto RMPEKING; mecanismo autoritativo no identificado","No aplica","RMBAVARIAN, RMOTOBAI, RMPEKING","Sí","No","La decisión de arquitectura está confirmada, pero la fuente configurable exacta no quedó conciliada","Diego debe confirmar el mapa nombre→consumidor sin exponer valores","BLOQUEADO_TECNICO","Configuración administrada y consumidores Apex de Sprint 1","Mecanismo autoritativo no identificado","Diego","List Metadata sin Named/External Credential Softland nominal; referencias de código revisadas","Mapa de configuración no sensible y prueba de contexto RMPEKING","Consumidor usa contexto RMPEKING sobre infraestructura existente","Falta de configuración produce error controlado sin fallback","MEDIO","No se consultaron ni registraron secretos, tokens o endpoints."

"S3-0-B9-AP-001","S3C-B09-05","9","Approval Processes","ApprovalProcess","Opportunity","Opportunity.Aprobacion_descuento_Director_con_Jefe","Aprobacion_descuento_Director_con_Jefe","NO_EXISTE","EXISTE","NO_COMPARABLE","ACTIVO","Aprobadores: JefeSucursal__c (relatedUserField), DirectorVentas__c (relatedUserField)","Sin criterio explícito de Record Type","Criterios: Opportunity.Director__c/equals/True; Opportunity.DirectorVentas__c/notEqual/; Opportunity.GerenteSucursal__c/equals/; Opportunity.JefeSucursal__c/notEqual/; Opportunity.Descuento_Total__c/greaterThan/0","Sí","No","Usa aprobadores por campos relacionados. Acciones y pasos recuperados individualmente.","Definir aplicabilidad y responsables; no modificar aprobadores","BLOQUEADO_NEGOCIO","Política de descuento/centro de costo/garantía y responsables oficiales","Responsables y reglas PEKING no confirmados","Negocio","Retrieve temporal individual de Partial 2026-08-06","Matriz de criterios, responsables autorizados y aceptación","Enviar registro elegible y completar aprobación","Registro no elegible no debe entrar; rechazo debe ejecutar acciones correctas","ALTO","No se registraron identidades personales de aprobadores fijos."
"S3-0-B9-AP-002","S3C-B09-05","9","Approval Processes","ApprovalProcess","Opportunity","Opportunity.Aprobacion_descuento_Director_Full_Team","Aprobacion_descuento_Director_Full_Team","NO_EXISTE","EXISTE","NO_COMPARABLE","ACTIVO","Aprobadores: JefeSucursal__c (relatedUserField), GerenteSucursal__c (relatedUserField), DirectorVentas__c (relatedUserField)","Sin criterio explícito de Record Type","Criterios: Opportunity.Director__c/equals/True; Opportunity.DirectorVentas__c/notEqual/; Opportunity.GerenteSucursal__c/notEqual/; Opportunity.JefeSucursal__c/notEqual/; Opportunity.Descuento_Total__c/greaterThan/0","Sí","No","Usa aprobadores por campos relacionados. Acciones y pasos recuperados individualmente.","Definir aplicabilidad y responsables; no modificar aprobadores","BLOQUEADO_NEGOCIO","Política de descuento/centro de costo/garantía y responsables oficiales","Responsables y reglas PEKING no confirmados","Negocio","Retrieve temporal individual de Partial 2026-08-06","Matriz de criterios, responsables autorizados y aceptación","Enviar registro elegible y completar aprobación","Registro no elegible no debe entrar; rechazo debe ejecutar acciones correctas","ALTO","No se registraron identidades personales de aprobadores fijos."
"S3-0-B9-AP-003","S3C-B09-05","9","Approval Processes","ApprovalProcess","Opportunity","Opportunity.Aprobacion_descuento_Director_Gerente4","Aprobacion_descuento_Director_Gerente4","NO_EXISTE","EXISTE","NO_COMPARABLE","ACTIVO","Aprobadores: GerenteSucursal__c (relatedUserField), DirectorVentas__c (relatedUserField)","Sin criterio explícito de Record Type","Criterios: Opportunity.Director__c/equals/True; Opportunity.DirectorVentas__c/notEqual/; Opportunity.GerenteSucursal__c/notEqual/; Opportunity.JefeSucursal__c/equals/; Opportunity.Descuento_Total__c/greaterThan/0","Sí","No","Usa aprobadores por campos relacionados. Acciones y pasos recuperados individualmente.","Definir aplicabilidad y responsables; no modificar aprobadores","BLOQUEADO_NEGOCIO","Política de descuento/centro de costo/garantía y responsables oficiales","Responsables y reglas PEKING no confirmados","Negocio","Retrieve temporal individual de Partial 2026-08-06","Matriz de criterios, responsables autorizados y aceptación","Enviar registro elegible y completar aprobación","Registro no elegible no debe entrar; rechazo debe ejecutar acciones correctas","ALTO","No se registraron identidades personales de aprobadores fijos."
"S3-0-B9-AP-004","S3C-B09-05","9","Approval Processes","ApprovalProcess","Opportunity","Opportunity.Aprobacion_descuento_gerente_con_Jefe","Aprobacion_descuento_gerente_con_Jefe","NO_EXISTE","EXISTE","NO_COMPARABLE","ACTIVO","Aprobadores: JefeSucursal__c (relatedUserField), GerenteSucursal__c (relatedUserField)","Sin criterio explícito de Record Type","Criterios: Opportunity.Gerente__c/equals/True; Opportunity.JefeSucursal__c/notEqual/; Opportunity.Descuento_Total__c/greaterThan/0; Opportunity.GerenteSucursal__c/notEqual/; Opportunity.DescuentoAprobado__c/equals/False","Sí","No","Usa aprobadores por campos relacionados. Acciones y pasos recuperados individualmente.","Definir aplicabilidad y responsables; no modificar aprobadores","BLOQUEADO_NEGOCIO","Política de descuento/centro de costo/garantía y responsables oficiales","Responsables y reglas PEKING no confirmados","Negocio","Retrieve temporal individual de Partial 2026-08-06","Matriz de criterios, responsables autorizados y aceptación","Enviar registro elegible y completar aprobación","Registro no elegible no debe entrar; rechazo debe ejecutar acciones correctas","ALTO","No se registraron identidades personales de aprobadores fijos."
"S3-0-B9-AP-005","S3C-B09-05","9","Approval Processes","ApprovalProcess","Opportunity","Opportunity.Aprobacion_descuento_Gerente_sin_Gerente","Aprobacion_descuento_Gerente_sin_Gerente","NO_EXISTE","EXISTE","NO_COMPARABLE","ACTIVO","Aprobadores: JefeSucursal__c (relatedUserField), DirectorVentas__c (relatedUserField)","Sin criterio explícito de Record Type","Criterios: Opportunity.Gerente__c/equals/True; Opportunity.JefeSucursal__c/notEqual/; Opportunity.Descuento_Total__c/greaterThan/0; Opportunity.GerenteSucursal__c/equals/; Opportunity.DescuentoAprobado__c/equals/False","Sí","No","Usa aprobadores por campos relacionados. Acciones y pasos recuperados individualmente.","Definir aplicabilidad y responsables; no modificar aprobadores","BLOQUEADO_NEGOCIO","Política de descuento/centro de costo/garantía y responsables oficiales","Responsables y reglas PEKING no confirmados","Negocio","Retrieve temporal individual de Partial 2026-08-06","Matriz de criterios, responsables autorizados y aceptación","Enviar registro elegible y completar aprobación","Registro no elegible no debe entrar; rechazo debe ejecutar acciones correctas","ALTO","No se registraron identidades personales de aprobadores fijos."
"S3-0-B9-AP-006","S3C-B09-05","9","Approval Processes","ApprovalProcess","Opportunity","Opportunity.Aprobacion_descuento_Gerente_sin_jefe","Aprobacion_descuento_Gerente_sin_jefe","NO_EXISTE","EXISTE","NO_COMPARABLE","ACTIVO","Aprobadores: GerenteSucursal__c (relatedUserField)","Sin criterio explícito de Record Type","Criterios: Opportunity.Gerente__c/equals/True; Opportunity.JefeSucursal__c/equals/; Opportunity.Descuento_Total__c/greaterThan/0; Opportunity.GerenteSucursal__c/notEqual/; Opportunity.DescuentoAprobado__c/equals/False","Sí","No","Usa aprobadores por campos relacionados. Acciones y pasos recuperados individualmente.","Definir aplicabilidad y responsables; no modificar aprobadores","BLOQUEADO_NEGOCIO","Política de descuento/centro de costo/garantía y responsables oficiales","Responsables y reglas PEKING no confirmados","Negocio","Retrieve temporal individual de Partial 2026-08-06","Matriz de criterios, responsables autorizados y aceptación","Enviar registro elegible y completar aprobación","Registro no elegible no debe entrar; rechazo debe ejecutar acciones correctas","ALTO","No se registraron identidades personales de aprobadores fijos."
"S3-0-B9-AP-007","S3C-B09-05","9","Approval Processes","ApprovalProcess","Opportunity","Opportunity.Aprobacion_descuento_Jefe_con_jefe","Aprobacion_descuento_Jefe_con_jefe","NO_EXISTE","EXISTE","NO_COMPARABLE","ACTIVO","Aprobadores: JefeSucursal__c (relatedUserField)","Sin criterio explícito de Record Type","Criterios: Opportunity.Jefe__c/equals/True; Opportunity.JefeSucursal__c/notEqual/; Opportunity.Descuento_Total__c/greaterThan/0; Opportunity.DescuentoAprobado__c/equals/False","Sí","No","Usa aprobadores por campos relacionados. Acciones y pasos recuperados individualmente.","Definir aplicabilidad y responsables; no modificar aprobadores","BLOQUEADO_NEGOCIO","Política de descuento/centro de costo/garantía y responsables oficiales","Responsables y reglas PEKING no confirmados","Negocio","Retrieve temporal individual de Partial 2026-08-06","Matriz de criterios, responsables autorizados y aceptación","Enviar registro elegible y completar aprobación","Registro no elegible no debe entrar; rechazo debe ejecutar acciones correctas","ALTO","No se registraron identidades personales de aprobadores fijos."
"S3-0-B9-AP-008","S3C-B09-05","9","Approval Processes","ApprovalProcess","Opportunity","Opportunity.Aprobacion_descuento_Jefe_sin_Jefe","Aprobacion_descuento_Jefe_sin_Jefe","NO_EXISTE","EXISTE","NO_COMPARABLE","ACTIVO","Aprobadores: GerenteSucursal__c (relatedUserField)","Sin criterio explícito de Record Type","Criterios: Opportunity.Jefe__c/equals/True; Opportunity.JefeSucursal__c/equals/; Opportunity.Descuento_Total__c/greaterThan/0; Opportunity.DescuentoAprobado__c/equals/False","Sí","No","Usa aprobadores por campos relacionados. Acciones y pasos recuperados individualmente.","Definir aplicabilidad y responsables; no modificar aprobadores","BLOQUEADO_NEGOCIO","Política de descuento/centro de costo/garantía y responsables oficiales","Responsables y reglas PEKING no confirmados","Negocio","Retrieve temporal individual de Partial 2026-08-06","Matriz de criterios, responsables autorizados y aceptación","Enviar registro elegible y completar aprobación","Registro no elegible no debe entrar; rechazo debe ejecutar acciones correctas","ALTO","No se registraron identidades personales de aprobadores fijos."
"S3-0-B9-AP-009","S3C-B09-06","9","Approval Processes","ApprovalProcess","Quote","Quote.CPAprobacionCargoInternoQuote","CPAprobacionCargoInternoQuote","NO_EXISTE","EXISTE","NO_COMPARABLE","ACTIVO","Aprobadores: CPAprobadorCentroDeCostos__c (relatedUserField)","Sin criterio explícito de Record Type","Criterios: Quote.CPAprobadorCentroDeCostos__c/notEqual/","Por determinar","No","Usa aprobadores por campos relacionados. Acciones y pasos recuperados individualmente.","Definir aplicabilidad y responsables; no modificar aprobadores","SOLO_VALIDACION","Política de descuento/centro de costo/garantía y responsables oficiales","QA funcional pendiente","Negocio","Retrieve temporal individual de Partial 2026-08-06","Matriz de criterios, responsables autorizados y aceptación","Enviar registro elegible y completar aprobación","Registro no elegible no debe entrar; rechazo debe ejecutar acciones correctas","ALTO","No se registraron identidades personales de aprobadores fijos."
"S3-0-B9-AP-010","S3C-B09-07","9","Approval Processes","ApprovalProcess","WorkOrder","WorkOrder.AprobacionCentroDeCostos","AprobacionCentroDeCostos","NO_EXISTE","EXISTE","NO_COMPARABLE","ACTIVO","Aprobadores: Aprobador_Centro_de_Costos__c (relatedUserField)","Sin criterio explícito de Record Type","Criterios: WorkOrder.Aprobador_Centro_de_Costos__c/notEqual/","Por determinar","No","Usa aprobadores por campos relacionados. Acciones y pasos recuperados individualmente.","Definir aplicabilidad y responsables; no modificar aprobadores","BLOQUEADO_NEGOCIO","Política de descuento/centro de costo/garantía y responsables oficiales","Responsables y reglas PEKING no confirmados","Negocio","Retrieve temporal individual de Partial 2026-08-06","Matriz de criterios, responsables autorizados y aceptación","Enviar registro elegible y completar aprobación","Registro no elegible no debe entrar; rechazo debe ejecutar acciones correctas","ALTO","No se registraron identidades personales de aprobadores fijos."
"S3-0-B9-AP-011","S3C-B09-07","9","Approval Processes","ApprovalProcess","WorkOrder","WorkOrder.PROCESO_DE_APROB_GARANTIA","PROCESO_DE_APROB_GARANTIA","NO_EXISTE","EXISTE","NO_COMPARABLE","ACTIVO","Aprobadores: [usuario fijo omitido], [usuario fijo omitido], [usuario fijo omitido], [usuario fijo omitido]","Sin criterio explícito de Record Type","Criterios: WorkOrder.Etapa_de_flujo_de_trabajo__c/equals/Validación de Garantía; WorkOrder.tipoDeGasto__c/equals/Garantía","Por determinar","No","Contiene aprobadores fijos; identidades omitidas. Acciones y pasos recuperados individualmente.","Definir aplicabilidad y responsables; no modificar aprobadores","BLOQUEADO_NEGOCIO","Política de descuento/centro de costo/garantía y responsables oficiales","Responsables y reglas PEKING no confirmados","Negocio","Retrieve temporal individual de Partial 2026-08-06","Matriz de criterios, responsables autorizados y aceptación","Enviar registro elegible y completar aprobación","Registro no elegible no debe entrar; rechazo debe ejecutar acciones correctas","ALTO","No se registraron identidades personales de aprobadores fijos."
"S3-0-B9-AP-012","S3C-B09-07","9","Approval Processes","ApprovalProcess","WorkOrder","WorkOrder.PROCESO_DE_APROB_GARANTIA_CITA_TALLER","PROCESO_DE_APROB_GARANTIA_CITA_TALLER","NO_EXISTE","EXISTE","NO_COMPARABLE","INACTIVO","Aprobadores: [usuario fijo omitido]","Sin criterio explícito de Record Type","Criterios: WorkOrder.Etapa_de_flujo_de_trabajo__c/equals/Validación de Garantía; WorkOrder.Tipo_de_servicio__c/equals/Garantía","Por determinar","No","Contiene aprobadores fijos; identidades omitidas. Acciones y pasos recuperados individualmente.","Definir aplicabilidad y responsables; no modificar aprobadores","BLOQUEADO_NEGOCIO","Política de descuento/centro de costo/garantía y responsables oficiales","Responsables y reglas PEKING no confirmados","Negocio","Retrieve temporal individual de Partial 2026-08-06","Matriz de criterios, responsables autorizados y aceptación","Enviar registro elegible y completar aprobación","Registro no elegible no debe entrar; rechazo debe ejecutar acciones correctas","ALTO","No se registraron identidades personales de aprobadores fijos."
"S3-0-B9-ROL-001","S3C-B09-08","9","Roles","Role","UserRole","Asesores_y_Mecanicos_de_Servicio_Autos","Asesores y Mecánicos de Servicio Autos","NO_EXISTE","EXISTE","NO_COMPARABLE","N/A","Parent: Jefatura_de_Postventa_Autos; usuarios activos observados: 51","No aplica","Jerarquía Autos/Motos; no existe rol nominal PEKING/Omoda/Jaecoo","Por determinar","No demostrado","Rol vigente en jerarquía; conteo agregado sin identidades personales","Definir jerarquía PEKING antes de crear o alterar roles","BLOQUEADO_NEGOCIO","Modelo de seguridad, sucursales y responsables","Jerarquía PEKING no confirmada","Negocio / Luis","List Metadata, retrieve temporal y conteo agregado de usuarios activos 2026-08-06","Jerarquía aprobada y matriz de acceso","Perfil QA autorizado ve registros de su Empresa","Perfil QA no ve registros de otra Empresa","ALTO","Filtros de interfaz no equivalen a seguridad."
"S3-0-B9-ROL-002","S3C-B09-08","9","Roles","Role","UserRole","Asesores_y_Mecanicos_de_Servicio_Motos","Asesores y Mecánicos de Servicio Motos","NO_EXISTE","EXISTE","NO_COMPARABLE","N/A","Parent: Jefatura_de_Postventa_Motos; usuarios activos observados: 9","No aplica","Jerarquía Autos/Motos; no existe rol nominal PEKING/Omoda/Jaecoo","Por determinar","No demostrado","Rol vigente en jerarquía; conteo agregado sin identidades personales","Definir jerarquía PEKING antes de crear o alterar roles","BLOQUEADO_NEGOCIO","Modelo de seguridad, sucursales y responsables","Jerarquía PEKING no confirmada","Negocio / Luis","List Metadata, retrieve temporal y conteo agregado de usuarios activos 2026-08-06","Jerarquía aprobada y matriz de acceso","Perfil QA autorizado ve registros de su Empresa","Perfil QA no ve registros de otra Empresa","ALTO","Filtros de interfaz no equivalen a seguridad."
"S3-0-B9-ROL-003","S3C-B09-08","9","Roles","Role","UserRole","Call_Center_Asistente_de_Motos","Call Center / Asistente de Motos","NO_EXISTE","EXISTE","NO_COMPARABLE","N/A","Parent: Direccion_de_Ventas_Motos; usuarios activos observados: 0","No aplica","Jerarquía Autos/Motos; no existe rol nominal PEKING/Omoda/Jaecoo","Por determinar","No demostrado","Rol vigente en jerarquía; conteo agregado sin identidades personales","Definir jerarquía PEKING antes de crear o alterar roles","BLOQUEADO_NEGOCIO","Modelo de seguridad, sucursales y responsables","Jerarquía PEKING no confirmada","Negocio / Luis","List Metadata, retrieve temporal y conteo agregado de usuarios activos 2026-08-06","Jerarquía aprobada y matriz de acceso","Perfil QA autorizado ve registros de su Empresa","Perfil QA no ve registros de otra Empresa","ALTO","Filtros de interfaz no equivalen a seguridad."
"S3-0-B9-ROL-004","S3C-B09-08","9","Roles","Role","UserRole","Call_Center_Asistente_de_ventas","Call Center / Asistente de ventas","NO_EXISTE","EXISTE","NO_COMPARABLE","N/A","Parent: Direccion_de_Ventas_Autos; usuarios activos observados: 5","No aplica","Jerarquía Autos/Motos; no existe rol nominal PEKING/Omoda/Jaecoo","Por determinar","No demostrado","Rol vigente en jerarquía; conteo agregado sin identidades personales","Definir jerarquía PEKING antes de crear o alterar roles","BLOQUEADO_NEGOCIO","Modelo de seguridad, sucursales y responsables","Jerarquía PEKING no confirmada","Negocio / Luis","List Metadata, retrieve temporal y conteo agregado de usuarios activos 2026-08-06","Jerarquía aprobada y matriz de acceso","Perfil QA autorizado ve registros de su Empresa","Perfil QA no ve registros de otra Empresa","ALTO","Filtros de interfaz no equivalen a seguridad."
"S3-0-B9-ROL-005","S3C-B09-08","9","Roles","Role","UserRole","Direccion_de_Postventa_Autos","Dirección de Postventa Autos","NO_EXISTE","EXISTE","NO_COMPARABLE","N/A","Parent: View_All; usuarios activos observados: 0","No aplica","Jerarquía Autos/Motos; no existe rol nominal PEKING/Omoda/Jaecoo","Por determinar","No demostrado","Rol vigente en jerarquía; conteo agregado sin identidades personales","Definir jerarquía PEKING antes de crear o alterar roles","BLOQUEADO_NEGOCIO","Modelo de seguridad, sucursales y responsables","Jerarquía PEKING no confirmada","Negocio / Luis","List Metadata, retrieve temporal y conteo agregado de usuarios activos 2026-08-06","Jerarquía aprobada y matriz de acceso","Perfil QA autorizado ve registros de su Empresa","Perfil QA no ve registros de otra Empresa","ALTO","Filtros de interfaz no equivalen a seguridad."
"S3-0-B9-ROL-006","S3C-B09-08","9","Roles","Role","UserRole","Direccion_de_Postventa_Motos","Dirección de Postventa Motos","NO_EXISTE","EXISTE","NO_COMPARABLE","N/A","Parent: View_All; usuarios activos observados: 0","No aplica","Jerarquía Autos/Motos; no existe rol nominal PEKING/Omoda/Jaecoo","Por determinar","No demostrado","Rol vigente en jerarquía; conteo agregado sin identidades personales","Definir jerarquía PEKING antes de crear o alterar roles","BLOQUEADO_NEGOCIO","Modelo de seguridad, sucursales y responsables","Jerarquía PEKING no confirmada","Negocio / Luis","List Metadata, retrieve temporal y conteo agregado de usuarios activos 2026-08-06","Jerarquía aprobada y matriz de acceso","Perfil QA autorizado ve registros de su Empresa","Perfil QA no ve registros de otra Empresa","ALTO","Filtros de interfaz no equivalen a seguridad."
"S3-0-B9-ROL-007","S3C-B09-08","9","Roles","Role","UserRole","Direccion_de_Ventas_Autos","Dirección de Ventas Autos","NO_EXISTE","EXISTE","NO_COMPARABLE","N/A","Parent: View_All; usuarios activos observados: 2","No aplica","Jerarquía Autos/Motos; no existe rol nominal PEKING/Omoda/Jaecoo","Por determinar","No demostrado","Rol vigente en jerarquía; conteo agregado sin identidades personales","Definir jerarquía PEKING antes de crear o alterar roles","BLOQUEADO_NEGOCIO","Modelo de seguridad, sucursales y responsables","Jerarquía PEKING no confirmada","Negocio / Luis","List Metadata, retrieve temporal y conteo agregado de usuarios activos 2026-08-06","Jerarquía aprobada y matriz de acceso","Perfil QA autorizado ve registros de su Empresa","Perfil QA no ve registros de otra Empresa","ALTO","Filtros de interfaz no equivalen a seguridad."
"S3-0-B9-ROL-008","S3C-B09-08","9","Roles","Role","UserRole","Direccion_de_Ventas_Motos","Dirección de Ventas Motos","NO_EXISTE","EXISTE","NO_COMPARABLE","N/A","Parent: View_All; usuarios activos observados: 0","No aplica","Jerarquía Autos/Motos; no existe rol nominal PEKING/Omoda/Jaecoo","Por determinar","No demostrado","Rol vigente en jerarquía; conteo agregado sin identidades personales","Definir jerarquía PEKING antes de crear o alterar roles","BLOQUEADO_NEGOCIO","Modelo de seguridad, sucursales y responsables","Jerarquía PEKING no confirmada","Negocio / Luis","List Metadata, retrieve temporal y conteo agregado de usuarios activos 2026-08-06","Jerarquía aprobada y matriz de acceso","Perfil QA autorizado ve registros de su Empresa","Perfil QA no ve registros de otra Empresa","ALTO","Filtros de interfaz no equivalen a seguridad."
"S3-0-B9-ROL-009","S3C-B09-08","9","Roles","Role","UserRole","Jefatura_de_Postventa_Autos","Jefatura de Postventa Autos","NO_EXISTE","EXISTE","NO_COMPARABLE","N/A","Parent: Direccion_de_Postventa_Autos; usuarios activos observados: 2","No aplica","Jerarquía Autos/Motos; no existe rol nominal PEKING/Omoda/Jaecoo","Por determinar","No demostrado","Rol vigente en jerarquía; conteo agregado sin identidades personales","Definir jerarquía PEKING antes de crear o alterar roles","BLOQUEADO_NEGOCIO","Modelo de seguridad, sucursales y responsables","Jerarquía PEKING no confirmada","Negocio / Luis","List Metadata, retrieve temporal y conteo agregado de usuarios activos 2026-08-06","Jerarquía aprobada y matriz de acceso","Perfil QA autorizado ve registros de su Empresa","Perfil QA no ve registros de otra Empresa","ALTO","Filtros de interfaz no equivalen a seguridad."
"S3-0-B9-ROL-010","S3C-B09-08","9","Roles","Role","UserRole","Jefatura_de_Postventa_Motos","Jefatura de Postventa Motos","NO_EXISTE","EXISTE","NO_COMPARABLE","N/A","Parent: Direccion_de_Postventa_Motos; usuarios activos observados: 0","No aplica","Jerarquía Autos/Motos; no existe rol nominal PEKING/Omoda/Jaecoo","Por determinar","No demostrado","Rol vigente en jerarquía; conteo agregado sin identidades personales","Definir jerarquía PEKING antes de crear o alterar roles","BLOQUEADO_NEGOCIO","Modelo de seguridad, sucursales y responsables","Jerarquía PEKING no confirmada","Negocio / Luis","List Metadata, retrieve temporal y conteo agregado de usuarios activos 2026-08-06","Jerarquía aprobada y matriz de acceso","Perfil QA autorizado ve registros de su Empresa","Perfil QA no ve registros de otra Empresa","ALTO","Filtros de interfaz no equivalen a seguridad."
"S3-0-B9-ROL-011","S3C-B09-08","9","Roles","Role","UserRole","Jefe_de_Ventas_Autos","Jefe de Ventas Autos","NO_EXISTE","EXISTE","NO_COMPARABLE","N/A","Parent: Call_Center_Asistente_de_ventas; usuarios activos observados: 4","No aplica","Jerarquía Autos/Motos; no existe rol nominal PEKING/Omoda/Jaecoo","Por determinar","No demostrado","Rol vigente en jerarquía; conteo agregado sin identidades personales","Definir jerarquía PEKING antes de crear o alterar roles","BLOQUEADO_NEGOCIO","Modelo de seguridad, sucursales y responsables","Jerarquía PEKING no confirmada","Negocio / Luis","List Metadata, retrieve temporal y conteo agregado de usuarios activos 2026-08-06","Jerarquía aprobada y matriz de acceso","Perfil QA autorizado ve registros de su Empresa","Perfil QA no ve registros de otra Empresa","ALTO","Filtros de interfaz no equivalen a seguridad."
"S3-0-B9-ROL-012","S3C-B09-08","9","Roles","Role","UserRole","Jefe_de_Ventas_Motos","Jefe de Ventas Motos","NO_EXISTE","EXISTE","NO_COMPARABLE","N/A","Parent: Call_Center_Asistente_de_Motos; usuarios activos observados: 2","No aplica","Jerarquía Autos/Motos; no existe rol nominal PEKING/Omoda/Jaecoo","Por determinar","No demostrado","Rol vigente en jerarquía; conteo agregado sin identidades personales","Definir jerarquía PEKING antes de crear o alterar roles","BLOQUEADO_NEGOCIO","Modelo de seguridad, sucursales y responsables","Jerarquía PEKING no confirmada","Negocio / Luis","List Metadata, retrieve temporal y conteo agregado de usuarios activos 2026-08-06","Jerarquía aprobada y matriz de acceso","Perfil QA autorizado ve registros de su Empresa","Perfil QA no ve registros de otra Empresa","ALTO","Filtros de interfaz no equivalen a seguridad."
