"Mecanismo","Tipo_Metadata","API_Name","Registro","Existe_Git","Existe_Partial","Consumidor","Funcion","Origen_Empresa","Contexto_ERP","Controla_Endpoint","Controla_Pricebook","Controla_Moneda","Controla_Mapping","Tratamiento_Bavarian","Tratamiento_Otobai","Tratamiento_PEKING","Hardcode_Legacy","Clasificacion","Cambio_Potencial","Bloqueo","Evidencia","Notas"
"Contexto de Empresa","CustomObject","Empresa__c","RMPEKING","SI","SI","EmpresaResolver; EmpresaPricebookResolver; consumidores Softland refactorizados","Fuente primaria de Empresa y código ERP","Lookup Empresa_Operadora__c / Empresa__c","Codigo_ERP__c","NO","NO","NO","SI","RMBAVARIAN configurado","RMOTOBAI configurado","RMPEKING activo y configurado","NO","SIN_CAMBIO_REQUIERE_REGRESION","Ninguno en bloque 11; regresión de resolución","Datos legales no se evaluaron","EmpresaResolver.cls; consulta Partial 2026-08-06","No se documentan Id ni datos legales."
"Resolver de Empresa","ApexClass","EmpresaResolver","N/A","SI","NO_VERIFICADO","QuoteSoftlandPedidoService y otros consumidores dirigidos","Valida Empresa activa y expone código ERP","Id Empresa o Codigo__c","requireCodigoErp()","NO","NO","NO","NO","Dinámico por registro","Dinámico por registro","Dinámico por registro RMPEKING","NO","SIN_CAMBIO_REQUIERE_REGRESION","Ninguno; extender adopción en consumidores pertenece a evaluación separada","Consumidores legacy no lo usan todavía","EmpresaResolver.cls; EmpresaContext.cls","Falla de forma controlada ante Empresa ausente/inactiva/incompleta."
"Relación Empresa–Pricebook","CustomField","Pricebook2.Empresa__c","PEKING Local; PEKING Dólares","SI","SI","EmpresaPricebookResolver","Asocia Pricebook activo a Empresa","Pricebook2.Empresa__c","Heredado de Empresa","NO","SI","SI","SI","Dinámico","Dinámico","Dos Pricebooks activos asociados a RMPEKING","NO","SIN_CAMBIO_REQUIERE_REGRESION","Ninguno técnico; QA de selección","Default comercial no definido","Pricebook2.Empresa__c; consulta Partial 2026-08-06","No se consultaron PricebookEntry."
"Resolver dinámico de Pricebook","ApexClass","EmpresaPricebookResolver","N/A","SI","NO_VERIFICADO","Flows y servicios refactorizados de Empresa","Resuelve por Empresa, moneda y estado; no por nombre/Id","Empresa Id; fallback legacy solo Bavarian/Otobai","Codigo_ERP__c","NO","SI","SI","SI","Fallback BAVARIAN→RMBAVARIAN","Fallback OTOBAI→RMOTOBAI","Requiere Empresa explícita; selección dinámica","Fallback controlado","SIN_CAMBIO_REQUIERE_REGRESION","Ninguno","Selección funcional si hay varias opciones","EmpresaPricebookResolver.cls; RESULTADO_LOTE1_DEPENDENCIAS_EMPRESA.md","Estados EXITO/NO_CONFIGURADO/SELECCION_REQUERIDA/ERROR."
"Default global VN","CustomMetadata","RM_Config__mdt","Default_Price_List_VN","NO","SI","RM_VN_Service; RM_VN_CambiarVehiculo_Ctrl","Devuelve un único nombre global de Pricebook VN","Ninguno","Ninguno","NO","SI_POR_NOMBRE","NO","NO","Valor global legacy","Mismo valor global","Sin mapping por Empresa","Nombre fijo configurable pero global","BLOQUEADO_DATO_NEGOCIO","Definir si se retira como default o se sustituye por mapping Empresa+moneda","Regla comercial de default cuando no hay selección explícita","RM_Config__mdt.getInstance; consulta Partial 2026-08-06","Valor existente verificado, no se replica en este documento."
"Consumidores del default VN","ApexClass","RM_VN_Service; RM_VN_CambiarVehiculo_Ctrl","N/A","SI","NO_VERIFICADO","Inventario y cambio de vehículo VN","Consulta Pricebook/PricebookEntry por nombre global","No usa Empresa para el default","Ninguno","NO","SI_POR_NOMBRE","USD fijo en consultas relevantes","NO","Nombre global","Nombre global","No resuelto","SI","HARDCODE_LEGACY_REQUIERE_EVALUACION","Migrar a EmpresaPricebookResolver en un frente técnico separado","Puede absorber comportamiento de Sprint 1 y requiere regresión","RM_VN_Service.cls; RM_VN_CambiarVehiculo_Ctrl.cls","No crear Pricebook ni PricebookEntry en Sprint 3."
"Endpoint y autenticación compartidos","CustomLabel","URLSoftland; AmbienteSoftland; ClientIdSoftland; ClientSecretSoftland","Configuración sensible existente — valor omitido","NO","SI","RM_SoftlandClient; HttpCalloutAuth; múltiples consumidores","Base URL, ambiente y autenticación de la instancia existente","No usa Empresa","Ninguno","SI","NO","NO","NO","Mismo endpoint","Mismo endpoint","Misma instancia/endpoints confirmados","NO","SIN_CAMBIO_REQUIERE_REGRESION","Ninguno; no crear nueva instancia","Valores protegidos no deben inferirse ni copiarse","Referencias Label.* en Apex; existencia de cuatro labels confirmada en Partial 2026-08-06","No se consultaron ni documentaron valores. No hay Named Credential Softland referenciada."
"Cliente Softland compartido","ApexClass","RM_SoftlandClient; HttpCalloutAuth","N/A","SI","NO_VERIFICADO","Consumidores de callout","Autentica y construye endpoint desde labels","Empresa la aporta el consumidor/payload","No controla","SI","NO","NO","NO","Compartido","Compartido","Compartido; sin rama específica","NO","SIN_CAMBIO_REQUIERE_REGRESION","Ninguno para endpoints","Adopción desigual entre consumidores","RM_SoftlandClient.cls; HttpCalloutAuth.cls","Credenciales omitidas."
"Catálogos parametrizados por compañía","ApexClass","BatchGetCatalogoSoftland; HttpCalloutBodega; HttpCalloutAseguradora; HttpCalloutActividadComercial","Bodega; Aseguradora; ActividadComercial","SI","NO_VERIFICADO","Schedulers de catálogos","Pasa company al endpoint de catálogo","Parámetro String company","Parámetro company","SI","NO","NO","SI","RMBAVARIAN desde scheduler","RMOTOBAI desde scheduler","Método soporta RMPEKING pero scheduler no lo envía","Schedulers binarios","HARDCODE_LEGACY_REQUIERE_EVALUACION","Evaluar en Sprint 1/operación antes de incluir RMPEKING","Datos operativos y ejecución programada","BatchGetCatalogoSoftland.cls; HttpCallout*.cls; ScheduleGet*.cls","La capacidad técnica del método no demuestra autorización para cargar catálogos."
"Catálogos fijados a Bavarian","ApexClass","BatchGetCatalogoSoftland","CategoriaCliente; CentroCosto; CondicionPago; CuentaContable; Impuesto; SubtipoDocumento","SI","NO_VERIFICADO","Seis batches/schedulers de catálogo","Construye query con compania=RMBAVARIAN","No usa Empresa","RMBAVARIAN literal","SI","NO","NO","SI","RMBAVARIAN fijo","No soportado","No soportado","SI","HARDCODE_LEGACY_REQUIERE_EVALUACION","Separar refactor histórico de configuración de bloque 11","Mapping/datos oficiales y regresión de catálogos","BatchGetCatalogoSoftland.cls métodos calloutCategoriaCliente/ CentroCosto/ CondicionPago/ CuentaContable/ Impuesto/ SubtipoDocumento","No es un ajuste aislado de Custom Metadata."
"Inventario Softland por grupo/moneda","ApexClass","BatchGetInventorySoftland; HttpCalloutInventory","N/A","SI","NO_VERIFICADO","Scheduler de inventario deshabilitado","Consulta endpoint por operación de moneda y grupos","No usa Empresa","No controla","SI_PARCIAL","NO","SI","SI_GRUPOS","Sin contexto explícito","Sin contexto explícito","Sin contexto explícito","Ruta/operaciones fijas","BLOQUEADO_DATO_NEGOCIO","Definir catálogos, grupos y moneda oficiales antes de cambio","Catálogos/monedas/grupos PEKING no definidos","BatchGetInventorySoftland.cls; HttpCalloutInventory.cls; ScheduleGetInventorySoftland.cls","El scheduler indica no ejecutar jobs."
"Pedido de Quote con Empresa","ApexClass","QuoteSoftlandPedidoService","N/A","SI","NO_VERIFICADO","Generación de pedido Quote","Resuelve Empresa y envía codigo ERP en payload","Opportunity.Empresa_Operadora__c; fallback BMW_Compania__c","EmpresaContext.requireCodigoErp()","NO","NO","NO","SI","Soportado dinámico/fallback","Soportado dinámico/fallback","RMPEKING soportado explícitamente","Fallback legacy controlado","SIN_CAMBIO_REQUIERE_REGRESION","Ninguno; QA del contrato","QA funcional del endpoint","QuoteSoftlandPedidoService.cls","No controla endpoint ni Pricebook."
"Consumidores con bloqueo controlado PEKING","ApexClass","OpportunityServiceInvoker; Registrar_Anticipo_Controller; RM_VN_CambiarUbicacion_Ctrl; ServicioConsDispBodegaQuoli; ServicioCrearSCQuote; servicios de reserva Quote","N/A","SI","NO_VERIFICADO","Pago, anticipos, ubicación, disponibilidad, SC y reservas","Resuelven RMPEKING pero detienen antes del callout no confirmado","Lookup Empresa con fallback legacy según clase","RMPEKING reconocido","Mixto","Mixto","Mixto","Mixto","Operativo","Operativo","Error controlado; no cae en otra Empresa","SI_PARCIAL","BLOQUEADO_DATO_NEGOCIO","Definir contrato/mapping operativo por proceso antes de habilitar","Bodega, reservas, SC, anticipos o enlace de pago","Referencias RMPEKING y mensajes controlados en clases listadas","Pendientes históricos no se absorben automáticamente en bloque 11."
"Endpoints literales legacy","ApexClass","OpportunityServiceInvoker; ExternalAuthService; ServicePayment; WorkOrderCancelOrder; otros","N/A","SI","NO_VERIFICADO","Procesos puntuales Softland","Usa URL literal en lugar del mecanismo compartido","Variable por consumidor","Variable/hardcode","SI_LITERAL","NO","NO","NO","Ruta legacy","Ruta legacy","No demostrado","SI","HARDCODE_LEGACY_REQUIERE_EVALUACION","Inventariar/refactorizar en frente Sprint 1, no como B11-1","Contrato y regresión por proceso","Búsqueda dirigida de setEndpoint y SERVICE_URL en Apex","Los valores concretos no se reproducen."
"Mapping Lead→Opportunity","CustomMetadata","RM_RecordTypeMapping__mdt","Lead_Omoda_to_Opp; Lead_Jaecoo_to_Opp","SI","SI","RM_Lead_Trigger_Helper","Mapea Record Types Omoda/Jaecoo","Record Type Lead","Ninguno","NO","NO","NO","SI","No relacionado","No relacionado","Omoda y Jaecoo activos","NO","NO_APLICA","Ninguno para Softland/Pricebook","Ninguno","Dos records versionados y confirmados activos en Partial 2026-08-06","Configuración auxiliar de Record Types, no fuente Softland."
"Pricebook nominal en creación Quote","ApexClass","QuoterController","N/A","SI","NO_VERIFICADO","Creación de Quote","Mapa código Empresa→nombre de Pricebook","EmpresaResolver","RMPEKING reconocido","NO","SI_POR_NOMBRE","Implícita por Pricebook","NO","Nombre legacy","Nombre legacy","PEKING Dólares fijo","SI","HARDCODE_LEGACY_REQUIERE_EVALUACION","Migrar a resolución por Empresa/moneda en frente técnico separado","No debe confundirse con creación de PricebookEntry","QuoterController.cls y pruebas","PEKING existe pero por nombre fijo; no es mecanismo autoritativo."
"Pricebooks PEKING existentes","StandardObject","Pricebook2","PEKING Local; PEKING Dólares","NO_DATOS","SI","EmpresaPricebookResolver","Opciones comerciales por Empresa/moneda","Empresa__c=RMPEKING","RMPEKING por relación","NO","SI","CRC y USD","SI","N/A","N/A","Ambos activos","NO","SIN_CAMBIO_REQUIERE_REGRESION","Ninguno de estructura; QA y decisión de default","Entries/precios/default no evaluados","Consulta Partial 2026-08-06","Existencia no demuestra PricebookEntry ni selección default."
"Named Credential Softland","NamedCredential","No referenciada por consumidores Softland","N/A","NO","NO_CONSULTADO","Ninguno demostrado","No controla el mecanismo actual","N/A","N/A","NO_DEMOSTRADO","NO","NO","NO","N/A","N/A","N/A","NO","NO_APLICA","No crear sin decisión arquitectónica","Ninguno","Búsqueda dirigida sin referencias callout: Softland","La única Named Credential encontrada por texto corresponde a Tooling API, no Softland."
