"Tipo","API_Name","Objeto","Estado_Git","Estado_Partial","Asignacion_Actual","Referencia_RecordType","Referencia_Profile","Aplica_PEKING","Clasificacion","Motivo","Dependencia","Cambio_Potencial","Regresion_Requerida","Evidencia","Notas"
"Layout","Opportunity-BMW Opportunity Layout","Opportunity","NO_EXISTE","EXISTE","Sin asignación demostrada","Pendiente de matriz de asignaciones","Sin perfil demostrado","POR_DETERMINAR","BLOQUEADO_ASIGNACION_FUNCIONAL","No existe asignación PEKING inequívoca o hay varias alternativas legacy; la evidencia técnica no permite escoger Layout, página o exposición.","Asignación por aplicación/perfil/RecordType","Definir la asignación funcional exacta antes de proponer cambio.","PEKING cuando aplique; Bavarian/Otobai; usados aislados","S3-0-B7-LAY-001; MATRIZ_ASIGNACIONES_UI_S3_0_V2_20260806.csv: 1 filas, 0 asignadas","Existencia no demuestra asignación activa. Referencia matriz anterior: MATRIZ_NOMINAL_S3_0_20260806.csv"
"Layout","Account-BMW Cuenta Empresarial  V2","Account","NO_EXISTE","EXISTE","60 asignaciones demostradas; ProfileLayout=60","Aseguradora, Distribuidor","Administrador de Sistema, Asesor de Ventas BMW y Nuevos V2, Asesor de Ventas BMW y Nuevos V2 A1, Asesor de Ventas Kawa - Polaris y Nuevos V2, Asesor de Ventas Kawa - Polaris y Nuevos V2 A1, Asesor de Ventas MINI y Nuevos V2, Asesor de Ventas MINI y Nuevos V2 A1, Asesor de Ventas Motorrad y Nuevos V2 …","POR_DETERMINAR","BLOQUEADO_ASIGNACION_FUNCIONAL","No existe asignación PEKING inequívoca o hay varias alternativas legacy; la evidencia técnica no permite escoger Layout, página o exposición.","Asignación por aplicación/perfil/RecordType","Definir la asignación funcional exacta antes de proponer cambio.","PEKING cuando aplique; Bavarian/Otobai; usados aislados","S3-0-B7-LAY-002; MATRIZ_ASIGNACIONES_UI_S3_0_V2_20260806.csv: 60 filas, 60 asignadas","Existencia no demuestra asignación activa. Referencia matriz anterior: MATRIZ_NOMINAL_S3_0_20260806.csv Perfiles observados: 31; no equivalen a decisión funcional PEKING."
"Layout","Product2-VehiculosParaV2","Product2","NO_EXISTE","EXISTE","Sin asignación demostrada","Pendiente de matriz de asignaciones","Sin perfil demostrado","POR_DETERMINAR","BLOQUEADO_ASIGNACION_FUNCIONAL","No existe asignación PEKING inequívoca o hay varias alternativas legacy; la evidencia técnica no permite escoger Layout, página o exposición.","Asignación por aplicación/perfil/RecordType","Definir la asignación funcional exacta antes de proponer cambio.","PEKING cuando aplique; Bavarian/Otobai; usados aislados","S3-0-B7-LAY-003; MATRIZ_ASIGNACIONES_UI_S3_0_V2_20260806.csv: 1 filas, 0 asignadas","Existencia no demuestra asignación activa. Referencia matriz anterior: MATRIZ_NOMINAL_S3_0_20260806.csv"
"Layout","Product2-Product Layout V1.1","Product2","NO_EXISTE","EXISTE","Sin asignación demostrada","Pendiente de matriz de asignaciones","Sin perfil demostrado","POR_DETERMINAR","BLOQUEADO_ASIGNACION_FUNCIONAL","No existe asignación PEKING inequívoca o hay varias alternativas legacy; la evidencia técnica no permite escoger Layout, página o exposición.","Asignación por aplicación/perfil/RecordType","Definir la asignación funcional exacta antes de proponer cambio.","PEKING cuando aplique; Bavarian/Otobai; usados aislados","S3-0-B7-LAY-004; MATRIZ_ASIGNACIONES_UI_S3_0_V2_20260806.csv: 1 filas, 0 asignadas","Existencia no demuestra asignación activa. Referencia matriz anterior: MATRIZ_NOMINAL_S3_0_20260806.csv Duplicado semántico fusionado: Product2-Product Layout V1%2E1; misma metadata que Product2-Product Layout V1.1 por codificación %2E/punto."
"FlexiPage","Opportunity_Record_Page_VN","Opportunity","EXISTE","EXISTE","1200 asignaciones demostradas; APP_PROFILE_RECORDTYPE=1200","Autos_Usados, BMW, Cartera_Madura, Harley_Davidson, Indian, KTM, Kawasaki, MINI, Motorrad, Motos_Usados, Polaris","API Only, API Only Altica, Acceso de MINI - BMW, Actualización Clientes Perfil, Admin, Admin Taller, Admin Vh V2, Admin Vh V2 A1 …","POR_DETERMINAR","DRIFT_REQUIERE_CONCILIACION","Git y Partial difieren materialmente: Partial contiene Opportunity.Plan_del_cliente_save_PDF; además no hay activación Omoda/Jaecoo demostrada.","Conciliación Git–Partial y activación por aplicación/perfil/RecordType","Conciliar el drift en un lote previo separado; no modificar en B7-0.","PEKING cuando aplique; Bavarian/Otobai; usados aislados","S3-0-B7-FLX-001; MATRIZ_ASIGNACIONES_UI_S3_0_V2_20260806.csv: 1200 filas, 1200 asignadas","Partial contiene una Quick Action adicional frente a Git. Referencia matriz anterior: MATRIZ_NOMINAL_S3_0_20260806.csv"
"FlexiPage","Quote_Record_Page_VN","Quote","NO_EXISTE","EXISTE","316 asignaciones demostradas; APP_PROFILE_RECORDTYPE=316","Nuevos","Admin, Administrador de Sistema, Administrador del sistema - Custom, Asesor de Ventas BMW, Asesor de Ventas BMW y Nuevos V2, Asesor de Ventas BMW y Nuevos V2 A1, Asesor de Ventas Kawa - Polaris y Nuevos V2, Asesor de Ventas Kawa - Polaris y Nuevos V2 A1 …","POR_DETERMINAR","BLOQUEADO_ASIGNACION_FUNCIONAL","No existe asignación PEKING inequívoca o hay varias alternativas legacy; la evidencia técnica no permite escoger Layout, página o exposición.","Asignación por aplicación/perfil/RecordType","Definir la asignación funcional exacta antes de proponer cambio.","PEKING cuando aplique; Bavarian/Otobai; usados aislados","S3-0-B7-FLX-002; MATRIZ_ASIGNACIONES_UI_S3_0_V2_20260806.csv: 316 filas, 316 asignadas","Visibilidad existente contempla segmentos legacy; modelo Quote PEKING no confirmado. Referencia matriz anterior: MATRIZ_NOMINAL_S3_0_20260806.csv Perfiles observados: 76; no equivalen a decisión funcional PEKING."
"FlexiPage","Quote_Record_Page_VU","Quote","NO_EXISTE","EXISTE","14 asignaciones demostradas; APP_PROFILE_RECORDTYPE=14","Sin referencia nominal en visibilidad","Admin, Administrador del sistema - Custom, Asesor Ventas Autos Usados, Asesor de Ventas Multimarca Motos con Usados, Asistente de Usados, Jefe de Ventas Usados Autos, Jefe de Ventas Usados Motos","NO","NO_APLICA","Evidencia explícita de página exclusiva de vehículos usados; PEKING no aplica a usados.","Asignación por aplicación/perfil/RecordType","Ninguno para PEKING; conservar regresión.","PEKING cuando aplique; Bavarian/Otobai; usados aislados","S3-0-B7-FLX-003; MATRIZ_ASIGNACIONES_UI_S3_0_V2_20260806.csv: 14 filas, 14 asignadas","Página VU separada; PEKING no aplica a usados. Referencia matriz anterior: MATRIZ_NOMINAL_S3_0_20260806.csv Obligación separada: REQUIERE_REGRESION; no implica aplicabilidad funcional PEKING."
"FlexiPage","Estadisticas_Inventario_Usados","","NO_EXISTE","EXISTE","Sin asignación demostrada","Sin referencia nominal en visibilidad","Sin perfil demostrado","NO","NO_APLICA","Evidencia explícita de página exclusiva de vehículos usados; PEKING no aplica a usados.","Asignación por aplicación/perfil/RecordType","Ninguno para PEKING; conservar regresión.","PEKING cuando aplique; Bavarian/Otobai; usados aislados","S3-0-B7-FLX-004; MATRIZ_ASIGNACIONES_UI_S3_0_V2_20260806.csv: 0 filas, 0 asignadas","App Page exclusiva de usados. Referencia matriz anterior: MATRIZ_NOMINAL_S3_0_20260806.csv Obligación separada: REQUIERE_REGRESION; no implica aplicabilidad funcional PEKING."
"FlexiPage","Ver_Inventario_Vehiculos_Usados","","NO_EXISTE","EXISTE","Sin asignación demostrada","Sin referencia nominal en visibilidad","Sin perfil demostrado","NO","NO_APLICA","Evidencia explícita de página exclusiva de vehículos usados; PEKING no aplica a usados.","Asignación por aplicación/perfil/RecordType","Ninguno para PEKING; conservar regresión.","PEKING cuando aplique; Bavarian/Otobai; usados aislados","S3-0-B7-FLX-005; MATRIZ_ASIGNACIONES_UI_S3_0_V2_20260806.csv: 0 filas, 0 asignadas","App Page exclusiva de usados. Referencia matriz anterior: MATRIZ_NOMINAL_S3_0_20260806.csv Obligación separada: REQUIERE_REGRESION; no implica aplicabilidad funcional PEKING."
"QuickAction","BMW_EnviarCorreoPresupuesto","","NO_EXISTE","EXISTE","2 asignaciones demostradas; REFERENCIA_FlexiPage=1, REFERENCIA_PageLayout=1","Pendiente de exposición en layout/página","Sin perfil demostrado","POR_DETERMINAR","BLOQUEADO_ASIGNACION_FUNCIONAL","No existe asignación PEKING inequívoca o hay varias alternativas legacy; la evidencia técnica no permite escoger Layout, página o exposición.","Layout/FlexiPage de exposición y proceso objetivo","Definir la asignación funcional exacta antes de proponer cambio.","PEKING cuando aplique; Bavarian/Otobai; usados aislados","S3-0-B7-QA-001; MATRIZ_ASIGNACIONES_UI_S3_0_V2_20260806.csv: 2 filas, 2 asignadas","No se modificó la acción ni su Flow/Visualforce. Referencia matriz anterior: MATRIZ_NOMINAL_S3_0_20260806.csv"
"QuickAction","Quote.BMW_Duplicar_Partidas_de_Presupuesto","Quote","NO_EXISTE","EXISTE","2 asignaciones demostradas; REFERENCIA_FlexiPage=1, REFERENCIA_PageLayout=1","Pendiente de exposición en layout/página","Sin perfil demostrado","SI_POR_EXPOSICION_GENERICA","SIN_CAMBIO_REQUIERE_REGRESION","La acción está expuesta en Layout y FlexiPage genéricos de Quote y no tiene visibilidad por Empresa/RecordType demostrada.","Layout/FlexiPage de exposición y proceso objetivo","Ninguno; validar exposición y ejecución.","PEKING cuando aplique; Bavarian/Otobai; usados aislados","S3-0-B7-QA-002; MATRIZ_ASIGNACIONES_UI_S3_0_V2_20260806.csv: 2 filas, 2 asignadas","No se modificó la acción ni su Flow/Visualforce. Referencia matriz anterior: MATRIZ_NOMINAL_S3_0_20260806.csv"
"QuickAction","Quote.BMW_ImportarPlantilla","Quote","NO_EXISTE","EXISTE","4 asignaciones demostradas; REFERENCIA_FlexiPage=3, REFERENCIA_PageLayout=1","Pendiente de exposición en layout/página","Sin perfil demostrado","POR_DETERMINAR","BLOQUEADO_ASIGNACION_FUNCIONAL","No existe asignación PEKING inequívoca o hay varias alternativas legacy; la evidencia técnica no permite escoger Layout, página o exposición.","Layout/FlexiPage de exposición y proceso objetivo","Definir la asignación funcional exacta antes de proponer cambio.","PEKING cuando aplique; Bavarian/Otobai; usados aislados","S3-0-B7-QA-003; MATRIZ_ASIGNACIONES_UI_S3_0_V2_20260806.csv: 4 filas, 4 asignadas","No se modificó la acción ni su Flow/Visualforce. Referencia matriz anterior: MATRIZ_NOMINAL_S3_0_20260806.csv"
"QuickAction","WorkOrder.BMW_CambiarMoneda","WorkOrder","NO_EXISTE","EXISTE","Sin asignación demostrada","Pendiente de exposición en layout/página","Sin perfil demostrado","POR_DETERMINAR","BLOQUEADO_ASIGNACION_FUNCIONAL","No existe asignación PEKING inequívoca o hay varias alternativas legacy; la evidencia técnica no permite escoger Layout, página o exposición.","Layout/FlexiPage de exposición y proceso objetivo","Definir la asignación funcional exacta antes de proponer cambio.","PEKING cuando aplique; Bavarian/Otobai; usados aislados","S3-0-B7-QA-004; MATRIZ_ASIGNACIONES_UI_S3_0_V2_20260806.csv: 1 filas, 0 asignadas","No se modificó la acción ni su Flow/Visualforce. Referencia matriz anterior: MATRIZ_NOMINAL_S3_0_20260806.csv"
"QuickAction","WorkOrder.BMW_ImportarPlantilla","WorkOrder","NO_EXISTE","EXISTE","2 asignaciones demostradas; REFERENCIA_PageLayout=2","Pendiente de exposición en layout/página","Sin perfil demostrado","POR_DETERMINAR","BLOQUEADO_ASIGNACION_FUNCIONAL","No existe asignación PEKING inequívoca o hay varias alternativas legacy; la evidencia técnica no permite escoger Layout, página o exposición.","Layout/FlexiPage de exposición y proceso objetivo","Definir la asignación funcional exacta antes de proponer cambio.","PEKING cuando aplique; Bavarian/Otobai; usados aislados","S3-0-B7-QA-005; MATRIZ_ASIGNACIONES_UI_S3_0_V2_20260806.csv: 2 filas, 2 asignadas","No se modificó la acción ni su Flow/Visualforce. Referencia matriz anterior: MATRIZ_NOMINAL_S3_0_20260806.csv"
"Layout","Account-Account Layout","Account","NO_EXISTE","EXISTE","329 asignaciones demostradas; ProfileLayout=329","Aseguradora, Cliente Jurídico, Cuenta empresarial, Distribuidor, Master, Taller","API Only, API Only Altica, Acceso de MINI - BMW, Actualización Clientes Perfil, Admin Taller, Admin Vh V2, Admin Vh V2 A1, Administrador de Sistema …","POR_DETERMINAR","BLOQUEADO_ASIGNACION_FUNCIONAL","No existe asignación PEKING inequívoca o hay varias alternativas legacy; la evidencia técnica no permite escoger Layout, página o exposición.","Asignación por aplicación/perfil/RecordType","Definir la asignación funcional exacta antes de proponer cambio.","PEKING cuando aplique; Bavarian/Otobai; usados aislados","S3-0-B7-LAY-101; MATRIZ_ASIGNACIONES_UI_S3_0_V2_20260806.csv: 329 filas, 329 asignadas","Agregado en V2. Referencia matriz anterior: MATRIZ_NOMINAL_S3_0_20260806.csv; no existía como fila nominal previa. Perfiles observados: 134; no equivalen a decisión funcional PEKING."
"Layout","Account-BMW Cuenta Empresarial - RO","Account","NO_EXISTE","EXISTE","4 asignaciones demostradas; ProfileLayout=4","Cliente Jurídico, Cuenta empresarial, Distribuidor, Taller","Mecanico v2","POR_DETERMINAR","BLOQUEADO_ASIGNACION_FUNCIONAL","No existe asignación PEKING inequívoca o hay varias alternativas legacy; la evidencia técnica no permite escoger Layout, página o exposición.","Asignación por aplicación/perfil/RecordType","Definir la asignación funcional exacta antes de proponer cambio.","PEKING cuando aplique; Bavarian/Otobai; usados aislados","S3-0-B7-LAY-102; MATRIZ_ASIGNACIONES_UI_S3_0_V2_20260806.csv: 4 filas, 4 asignadas","Agregado en V2. Referencia matriz anterior: MATRIZ_NOMINAL_S3_0_20260806.csv; no existía como fila nominal previa. Perfiles observados: 1; no equivalen a decisión funcional PEKING."
"Layout","Account-BMW Cuenta Empresarial","Account","NO_EXISTE","EXISTE","579 asignaciones demostradas; ProfileLayout=579","Cliente Jurídico, Cuenta empresarial, Master, Taller","API Only, API Only Altica, Acceso de MINI - BMW, Admin Taller, Admin Vh V2, Admin Vh V2 A1, Administrador de Sistema, Administrador del sistema - Custom …","POR_DETERMINAR","BLOQUEADO_ASIGNACION_FUNCIONAL","No existe asignación PEKING inequívoca o hay varias alternativas legacy; la evidencia técnica no permite escoger Layout, página o exposición.","Asignación por aplicación/perfil/RecordType","Definir la asignación funcional exacta antes de proponer cambio.","PEKING cuando aplique; Bavarian/Otobai; usados aislados","S3-0-B7-LAY-103; MATRIZ_ASIGNACIONES_UI_S3_0_V2_20260806.csv: 579 filas, 579 asignadas","Agregado en V2. Referencia matriz anterior: MATRIZ_NOMINAL_S3_0_20260806.csv; no existía como fila nominal previa. Perfiles observados: 145; no equivalen a decisión funcional PEKING."
"Layout","Account-Cuenta Empresarial Sin Botones","Account","NO_EXISTE","EXISTE","6 asignaciones demostradas; ProfileLayout=6","Aseguradora, Cliente Jurídico, Cuenta empresarial, Distribuidor, Master, Taller","Consulta básica móvil","POR_DETERMINAR","BLOQUEADO_ASIGNACION_FUNCIONAL","No existe asignación PEKING inequívoca o hay varias alternativas legacy; la evidencia técnica no permite escoger Layout, página o exposición.","Asignación por aplicación/perfil/RecordType","Definir la asignación funcional exacta antes de proponer cambio.","PEKING cuando aplique; Bavarian/Otobai; usados aislados","S3-0-B7-LAY-104; MATRIZ_ASIGNACIONES_UI_S3_0_V2_20260806.csv: 6 filas, 6 asignadas","Agregado en V2. Referencia matriz anterior: MATRIZ_NOMINAL_S3_0_20260806.csv; no existía como fila nominal previa. Perfiles observados: 1; no equivalen a decisión funcional PEKING."
"Layout","Account-RM Asesor Taller","Account","NO_EXISTE","EXISTE","6 asignaciones demostradas; ProfileLayout=6","Aseguradora, Cliente Jurídico, Cuenta empresarial, Distribuidor, Master, Taller","Asesor de Taller","POR_DETERMINAR","BLOQUEADO_ASIGNACION_FUNCIONAL","No existe asignación PEKING inequívoca o hay varias alternativas legacy; la evidencia técnica no permite escoger Layout, página o exposición.","Asignación por aplicación/perfil/RecordType","Definir la asignación funcional exacta antes de proponer cambio.","PEKING cuando aplique; Bavarian/Otobai; usados aislados","S3-0-B7-LAY-105; MATRIZ_ASIGNACIONES_UI_S3_0_V2_20260806.csv: 6 filas, 6 asignadas","Agregado en V2. Referencia matriz anterior: MATRIZ_NOMINAL_S3_0_20260806.csv; no existía como fila nominal previa. Perfiles observados: 1; no equivalen a decisión funcional PEKING."
"Layout","Account-RM Asistente Taller - RO","Account","NO_EXISTE","EXISTE","6 asignaciones demostradas; ProfileLayout=6","Aseguradora, Cliente Jurídico, Cuenta empresarial, Distribuidor, Master, Taller","Asistente de Taller","POR_DETERMINAR","BLOQUEADO_ASIGNACION_FUNCIONAL","No existe asignación PEKING inequívoca o hay varias alternativas legacy; la evidencia técnica no permite escoger Layout, página o exposición.","Asignación por aplicación/perfil/RecordType","Definir la asignación funcional exacta antes de proponer cambio.","PEKING cuando aplique; Bavarian/Otobai; usados aislados","S3-0-B7-LAY-106; MATRIZ_ASIGNACIONES_UI_S3_0_V2_20260806.csv: 6 filas, 6 asignadas","Agregado en V2. Referencia matriz anterior: MATRIZ_NOMINAL_S3_0_20260806.csv; no existía como fila nominal previa. Perfiles observados: 1; no equivalen a decisión funcional PEKING."
"Layout","Account-RM Asistente Taller","Account","NO_EXISTE","EXISTE","Sin asignación demostrada","Pendiente de matriz de asignaciones","Sin perfil demostrado","POR_DETERMINAR","BLOQUEADO_ASIGNACION_FUNCIONAL","No existe asignación PEKING inequívoca o hay varias alternativas legacy; la evidencia técnica no permite escoger Layout, página o exposición.","Asignación por aplicación/perfil/RecordType","Definir la asignación funcional exacta antes de proponer cambio.","PEKING cuando aplique; Bavarian/Otobai; usados aislados","S3-0-B7-LAY-107; MATRIZ_ASIGNACIONES_UI_S3_0_V2_20260806.csv: 1 filas, 0 asignadas","Agregado en V2. Referencia matriz anterior: MATRIZ_NOMINAL_S3_0_20260806.csv; no existía como fila nominal previa."
"Layout","Account-RM Lider Taller - RO","Account","NO_EXISTE","EXISTE","6 asignaciones demostradas; ProfileLayout=6","Aseguradora, Cliente Jurídico, Cuenta empresarial, Distribuidor, Master, Taller","Mecanico Lider","POR_DETERMINAR","BLOQUEADO_ASIGNACION_FUNCIONAL","No existe asignación PEKING inequívoca o hay varias alternativas legacy; la evidencia técnica no permite escoger Layout, página o exposición.","Asignación por aplicación/perfil/RecordType","Definir la asignación funcional exacta antes de proponer cambio.","PEKING cuando aplique; Bavarian/Otobai; usados aislados","S3-0-B7-LAY-108; MATRIZ_ASIGNACIONES_UI_S3_0_V2_20260806.csv: 6 filas, 6 asignadas","Agregado en V2. Referencia matriz anterior: MATRIZ_NOMINAL_S3_0_20260806.csv; no existía como fila nominal previa. Perfiles observados: 1; no equivalen a decisión funcional PEKING."
"Layout","Account-RM Lider Taller","Account","NO_EXISTE","EXISTE","2 asignaciones demostradas; ProfileLayout=2","Master","System Administrator","POR_DETERMINAR","BLOQUEADO_ASIGNACION_FUNCIONAL","No existe asignación PEKING inequívoca o hay varias alternativas legacy; la evidencia técnica no permite escoger Layout, página o exposición.","Asignación por aplicación/perfil/RecordType","Definir la asignación funcional exacta antes de proponer cambio.","PEKING cuando aplique; Bavarian/Otobai; usados aislados","S3-0-B7-LAY-109; MATRIZ_ASIGNACIONES_UI_S3_0_V2_20260806.csv: 2 filas, 2 asignadas","Agregado en V2. Referencia matriz anterior: MATRIZ_NOMINAL_S3_0_20260806.csv; no existía como fila nominal previa. Perfiles observados: 1; no equivalen a decisión funcional PEKING."
"Layout","Account-Taller","Account","NO_EXISTE","EXISTE","4 asignaciones demostradas; ProfileLayout=4","Taller","Chatter External User, Chatter Free User, Chatter Moderator User, Identity User","POR_DETERMINAR","BLOQUEADO_ASIGNACION_FUNCIONAL","No existe asignación PEKING inequívoca o hay varias alternativas legacy; la evidencia técnica no permite escoger Layout, página o exposición.","Asignación por aplicación/perfil/RecordType","Definir la asignación funcional exacta antes de proponer cambio.","PEKING cuando aplique; Bavarian/Otobai; usados aislados","S3-0-B7-LAY-110; MATRIZ_ASIGNACIONES_UI_S3_0_V2_20260806.csv: 4 filas, 4 asignadas","Agregado en V2. Referencia matriz anterior: MATRIZ_NOMINAL_S3_0_20260806.csv; no existía como fila nominal previa. Perfiles observados: 4; no equivalen a decisión funcional PEKING."
"Layout","Opportunity-Autos V1.2","Opportunity","NO_EXISTE","EXISTE","Sin asignación demostrada","Pendiente de matriz de asignaciones","Sin perfil demostrado","POR_DETERMINAR","BLOQUEADO_ASIGNACION_FUNCIONAL","No existe asignación PEKING inequívoca o hay varias alternativas legacy; la evidencia técnica no permite escoger Layout, página o exposición.","Asignación por aplicación/perfil/RecordType","Definir la asignación funcional exacta antes de proponer cambio.","PEKING cuando aplique; Bavarian/Otobai; usados aislados","S3-0-B7-LAY-111; MATRIZ_ASIGNACIONES_UI_S3_0_V2_20260806.csv: 1 filas, 0 asignadas","Agregado en V2. Referencia matriz anterior: MATRIZ_NOMINAL_S3_0_20260806.csv; no existía como fila nominal previa. Nombre/ruta previa: Opportunity-Autos V1%2E2; canónico: Opportunity-Autos V1.2."
"Layout","Opportunity-Autos V1.3 - Inventario","Opportunity","NO_EXISTE","EXISTE","6 asignaciones demostradas; ProfileLayout=6; Omoda=1, Jaecoo=1","BMW, Jaecoo, MINI, Master, Omoda, Planes de Venta","Administrador de Sistema","SI","SIN_CAMBIO_REQUIERE_REGRESION","Existen asignaciones ProfileLayout explícitas para Omoda y Jaecoo (1 perfiles por Record Type); no se demuestra adaptación técnica adicional.","Asignación por aplicación/perfil/RecordType","Ninguno; validar visualización y acceso con perfiles QA autorizados.","PEKING cuando aplique; Bavarian/Otobai; usados aislados","S3-0-B7-LAY-112; MATRIZ_ASIGNACIONES_UI_S3_0_V2_20260806.csv: 6 filas, 6 asignadas","Agregado en V2. Referencia matriz anterior: MATRIZ_NOMINAL_S3_0_20260806.csv; no existía como fila nominal previa. Nombre/ruta previa: Opportunity-Autos V1%2E3 - Inventario; canónico: Opportunity-Autos V1.3 - Inventario."
"Layout","Opportunity-Autos V1.3","Opportunity","NO_EXISTE","EXISTE","287 asignaciones demostradas; ProfileLayout=287; Omoda=36, Jaecoo=36","Autos usados, BMW, Cartera Madura, Harley-Davidson, Jaecoo, KTM, MINI, Master, Motos usados, Omoda, Planes de Venta","Admin Vh V2, Admin Vh V2 A1, Asesor de Ventas BMW y Nuevos V2, Asesor de Ventas BMW y Nuevos V2 A1, Asesor de Ventas Kawa - Polaris y Nuevos V2, Asesor de Ventas Kawa - Polaris y Nuevos V2 A1, Asesor de Ventas MINI, Asesor de Ventas MINI y Nuevos V2 …","SI","SIN_CAMBIO_REQUIERE_REGRESION","Existen asignaciones ProfileLayout explícitas para Omoda y Jaecoo (36 perfiles por Record Type); no se demuestra adaptación técnica adicional.","Asignación por aplicación/perfil/RecordType","Ninguno; validar visualización y acceso con perfiles QA autorizados.","PEKING cuando aplique; Bavarian/Otobai; usados aislados","S3-0-B7-LAY-113; MATRIZ_ASIGNACIONES_UI_S3_0_V2_20260806.csv: 287 filas, 287 asignadas","Agregado en V2. Referencia matriz anterior: MATRIZ_NOMINAL_S3_0_20260806.csv; no existía como fila nominal previa. Nombre/ruta previa: Opportunity-Autos V1%2E3; canónico: Opportunity-Autos V1.3."
"Layout","Opportunity-Autos V1.4 Sin Botones","Opportunity","NO_EXISTE","EXISTE","17 asignaciones demostradas; ProfileLayout=17; Omoda=1, Jaecoo=1","Autos usados, BMW, Cartera Madura, Harley-Davidson, Indian, Jaecoo, KTM, Kawasaki, MINI, Master, Mostrador, Motorrad, Motos usados, Omoda, Planes de Venta, Polaris, Taller","Consulta básica móvil","SI","SIN_CAMBIO_REQUIERE_REGRESION","Existen asignaciones ProfileLayout explícitas para Omoda y Jaecoo (1 perfiles por Record Type); no se demuestra adaptación técnica adicional.","Asignación por aplicación/perfil/RecordType","Ninguno; validar visualización y acceso con perfiles QA autorizados.","PEKING cuando aplique; Bavarian/Otobai; usados aislados","S3-0-B7-LAY-114; MATRIZ_ASIGNACIONES_UI_S3_0_V2_20260806.csv: 17 filas, 17 asignadas","Agregado en V2. Referencia matriz anterior: MATRIZ_NOMINAL_S3_0_20260806.csv; no existía como fila nominal previa. Nombre/ruta previa: Opportunity-Autos V1%2E4 Sin Botones; canónico: Opportunity-Autos V1.4 Sin Botones."
"Layout","Opportunity-Autos V1.4","Opportunity","NO_EXISTE","EXISTE","645 asignaciones demostradas; ProfileLayout=645; Omoda=5, Jaecoo=5","Autos usados, BMW, Cartera Madura, Harley-Davidson, Indian, Jaecoo, KTM, Kawasaki, MINI, Master, Motorrad, Motos usados, Omoda, Planes de Venta, Polaris","API Only, API Only Altica, Acceso de MINI - BMW, Admin Taller, Admin Vh V2, Admin Vh V2 A1, Administrador de Sistema, Administrador del sistema - Custom …","SI","SIN_CAMBIO_REQUIERE_REGRESION","Existen asignaciones ProfileLayout explícitas para Omoda y Jaecoo (5 perfiles por Record Type); no se demuestra adaptación técnica adicional.","Asignación por aplicación/perfil/RecordType","Ninguno; validar visualización y acceso con perfiles QA autorizados.","PEKING cuando aplique; Bavarian/Otobai; usados aislados","S3-0-B7-LAY-115; MATRIZ_ASIGNACIONES_UI_S3_0_V2_20260806.csv: 645 filas, 645 asignadas","Agregado en V2. Referencia matriz anterior: MATRIZ_NOMINAL_S3_0_20260806.csv; no existía como fila nominal previa. Nombre/ruta previa: Opportunity-Autos V1%2E4; canónico: Opportunity-Autos V1.4."
"Layout","Opportunity-Autos","Opportunity","NO_EXISTE","EXISTE","195 asignaciones demostradas; ProfileLayout=195","BMW, MINI","API Only, API Only Altica, Acceso de MINI - BMW, Admin Taller, Altica - Administrador, Altica - Coah de ventas, Altica - Coordinador de credito y cobro, Altica - Ejecutivo de credito y cobro …","POR_DETERMINAR","BLOQUEADO_ASIGNACION_FUNCIONAL","No existe asignación PEKING inequívoca o hay varias alternativas legacy; la evidencia técnica no permite escoger Layout, página o exposición.","Asignación por aplicación/perfil/RecordType","Definir la asignación funcional exacta antes de proponer cambio.","PEKING cuando aplique; Bavarian/Otobai; usados aislados","S3-0-B7-LAY-116; MATRIZ_ASIGNACIONES_UI_S3_0_V2_20260806.csv: 195 filas, 195 asignadas","Agregado en V2. Referencia matriz anterior: MATRIZ_NOMINAL_S3_0_20260806.csv; no existía como fila nominal previa. Perfiles observados: 104; no equivalen a decisión funcional PEKING."
"Layout","Opportunity-Cartera Madura","Opportunity","NO_EXISTE","EXISTE","Sin asignación demostrada","Pendiente de matriz de asignaciones","Sin perfil demostrado","POR_DETERMINAR","BLOQUEADO_ASIGNACION_FUNCIONAL","No existe asignación PEKING inequívoca o hay varias alternativas legacy; la evidencia técnica no permite escoger Layout, página o exposición.","Asignación por aplicación/perfil/RecordType","Definir la asignación funcional exacta antes de proponer cambio.","PEKING cuando aplique; Bavarian/Otobai; usados aislados","S3-0-B7-LAY-117; MATRIZ_ASIGNACIONES_UI_S3_0_V2_20260806.csv: 1 filas, 0 asignadas","Agregado en V2. Referencia matriz anterior: MATRIZ_NOMINAL_S3_0_20260806.csv; no existía como fila nominal previa."
"Layout","Opportunity-Motocicletas","Opportunity","NO_EXISTE","EXISTE","245 asignaciones demostradas; ProfileLayout=245","Harley-Davidson, KTM, Kawasaki, Motorrad, Motos usados, Polaris","API Only, API Only Altica, Acceso de MINI - BMW, Admin Taller, Administrador de Sistema, Administrador del sistema - Custom, Altica - Administrador, Altica - Coah de ventas …","POR_DETERMINAR","BLOQUEADO_ASIGNACION_FUNCIONAL","No existe asignación PEKING inequívoca o hay varias alternativas legacy; la evidencia técnica no permite escoger Layout, página o exposición.","Asignación por aplicación/perfil/RecordType","Definir la asignación funcional exacta antes de proponer cambio.","PEKING cuando aplique; Bavarian/Otobai; usados aislados","S3-0-B7-LAY-118; MATRIZ_ASIGNACIONES_UI_S3_0_V2_20260806.csv: 245 filas, 245 asignadas","Agregado en V2. Referencia matriz anterior: MATRIZ_NOMINAL_S3_0_20260806.csv; no existía como fila nominal previa. Perfiles observados: 115; no equivalen a decisión funcional PEKING."
"Layout","Opportunity-Opportunity Layout","Opportunity","NO_EXISTE","EXISTE","917 asignaciones demostradas; ProfileLayout=917; Omoda=117, Jaecoo=117","Autos usados, BMW, Cartera Madura, Harley-Davidson, Indian, Jaecoo, KTM, Kawasaki, MINI, Master, Mostrador, Motorrad, Motos usados, Omoda, Planes de Venta, Polaris, Taller","API Only, API Only Altica, Acceso de MINI - BMW, Actualización Clientes Perfil, Admin Taller, Administrador de Sistema, Administrador del sistema - Custom, Altica - Administrador …","SI","SIN_CAMBIO_REQUIERE_REGRESION","Existen asignaciones ProfileLayout explícitas para Omoda y Jaecoo (117 perfiles por Record Type); no se demuestra adaptación técnica adicional.","Asignación por aplicación/perfil/RecordType","Ninguno; validar visualización y acceso con perfiles QA autorizados.","PEKING cuando aplique; Bavarian/Otobai; usados aislados","S3-0-B7-LAY-119; MATRIZ_ASIGNACIONES_UI_S3_0_V2_20260806.csv: 917 filas, 917 asignadas","Agregado en V2. Referencia matriz anterior: MATRIZ_NOMINAL_S3_0_20260806.csv; no existía como fila nominal previa."
"Layout","Opportunity-Taller Autos","Opportunity","NO_EXISTE","EXISTE","296 asignaciones demostradas; ProfileLayout=296","Mostrador, Taller","API Only, API Only Altica, Acceso de MINI - BMW, Admin Taller, Admin Vh V2, Admin Vh V2 A1, Administrador de Sistema, Administrador del sistema - Custom …","POR_DETERMINAR","BLOQUEADO_ASIGNACION_FUNCIONAL","No existe asignación PEKING inequívoca o hay varias alternativas legacy; la evidencia técnica no permite escoger Layout, página o exposición.","Asignación por aplicación/perfil/RecordType","Definir la asignación funcional exacta antes de proponer cambio.","PEKING cuando aplique; Bavarian/Otobai; usados aislados","S3-0-B7-LAY-120; MATRIZ_ASIGNACIONES_UI_S3_0_V2_20260806.csv: 296 filas, 296 asignadas","Agregado en V2. Referencia matriz anterior: MATRIZ_NOMINAL_S3_0_20260806.csv; no existía como fila nominal previa. Perfiles observados: 147; no equivalen a decisión funcional PEKING."
"Layout","Opportunity-Vehiculos Nuevos V1.1","Opportunity","NO_EXISTE","EXISTE","6 asignaciones demostradas; ProfileLayout=6; Omoda=1, Jaecoo=1","BMW, Jaecoo, MINI, Master, Omoda, Planes de Venta","Administrador del sistema - Custom","SI","SIN_CAMBIO_REQUIERE_REGRESION","Existen asignaciones ProfileLayout explícitas para Omoda y Jaecoo (1 perfiles por Record Type); no se demuestra adaptación técnica adicional.","Asignación por aplicación/perfil/RecordType","Ninguno; validar visualización y acceso con perfiles QA autorizados.","PEKING cuando aplique; Bavarian/Otobai; usados aislados","S3-0-B7-LAY-121; MATRIZ_ASIGNACIONES_UI_S3_0_V2_20260806.csv: 6 filas, 6 asignadas","Agregado en V2. Referencia matriz anterior: MATRIZ_NOMINAL_S3_0_20260806.csv; no existía como fila nominal previa. Nombre/ruta previa: Opportunity-Vehiculos Nuevos V1%2E1; canónico: Opportunity-Vehiculos Nuevos V1.1."
"Layout","Product2-Articulos sin Editar","Product2","NO_EXISTE","EXISTE","21 asignaciones demostradas; ProfileLayout=21","Vehiculos","Asesor de Ventas BMW y Nuevos V2, Asesor de Ventas BMW y Nuevos V2 A1, Asesor de Ventas Kawa - Polaris y Nuevos V2, Asesor de Ventas Kawa - Polaris y Nuevos V2 A1, Asesor de Ventas MINI y Nuevos V2, Asesor de Ventas MINI y Nuevos V2 A1, Asesor de Ventas Motorrad y Nuevos V2, Asesor de Ventas Motorrad y Nuevos V2 A1 …","POR_DETERMINAR","BLOQUEADO_ASIGNACION_FUNCIONAL","No existe asignación PEKING inequívoca o hay varias alternativas legacy; la evidencia técnica no permite escoger Layout, página o exposición.","Asignación por aplicación/perfil/RecordType","Definir la asignación funcional exacta antes de proponer cambio.","PEKING cuando aplique; Bavarian/Otobai; usados aislados","S3-0-B7-LAY-122; MATRIZ_ASIGNACIONES_UI_S3_0_V2_20260806.csv: 21 filas, 21 asignadas","Agregado en V2. Referencia matriz anterior: MATRIZ_NOMINAL_S3_0_20260806.csv; no existía como fila nominal previa. Perfiles observados: 21; no equivalen a decisión funcional PEKING."
"Layout","Product2-Artículos","Product2","NO_EXISTE","EXISTE","284 asignaciones demostradas; ProfileLayout=284","Master, Materiales, Producto Altica, Producto Red Motors, Vehiculos","API Only, API Only Altica, Acceso de MINI - BMW, Admin Taller, Admin Vh V2, Admin Vh V2 A1, Administrador de Sistema, Administrador del sistema - Custom …","POR_DETERMINAR","BLOQUEADO_ASIGNACION_FUNCIONAL","No existe asignación PEKING inequívoca o hay varias alternativas legacy; la evidencia técnica no permite escoger Layout, página o exposición.","Asignación por aplicación/perfil/RecordType","Definir la asignación funcional exacta antes de proponer cambio.","PEKING cuando aplique; Bavarian/Otobai; usados aislados","S3-0-B7-LAY-123; MATRIZ_ASIGNACIONES_UI_S3_0_V2_20260806.csv: 284 filas, 284 asignadas","Agregado en V2. Referencia matriz anterior: MATRIZ_NOMINAL_S3_0_20260806.csv; no existía como fila nominal previa. Perfiles observados: 153; no equivalen a decisión funcional PEKING."
"Layout","Product2-Product Layout V1.2","Product2","NO_EXISTE","EXISTE","147 asignaciones demostradas; ProfileLayout=147","Producto Red Motors","API Only, API Only Altica, Acceso de MINI - BMW, Admin Taller, Admin Vh V2, Admin Vh V2 A1, Administrador del sistema - Custom, Altica - Administrador …","POR_DETERMINAR","BLOQUEADO_ASIGNACION_FUNCIONAL","No existe asignación PEKING inequívoca o hay varias alternativas legacy; la evidencia técnica no permite escoger Layout, página o exposición.","Asignación por aplicación/perfil/RecordType","Definir la asignación funcional exacta antes de proponer cambio.","PEKING cuando aplique; Bavarian/Otobai; usados aislados","S3-0-B7-LAY-125; MATRIZ_ASIGNACIONES_UI_S3_0_V2_20260806.csv: 147 filas, 147 asignadas","Agregado en V2. Referencia matriz anterior: MATRIZ_NOMINAL_S3_0_20260806.csv; no existía como fila nominal previa. Nombre/ruta previa: Product2-Product Layout V1%2E2; canónico: Product2-Product Layout V1.2. Perfiles observados: 146; no equivalen a decisión funcional PEKING."
"Layout","Product2-Product Layout","Product2","NO_EXISTE","EXISTE","332 asignaciones demostradas; ProfileLayout=332","Master, Materiales, Producto Altica, Producto Red Motors, Vehiculos","API Only, API Only Altica, Acceso de MINI - BMW, Actualización Clientes Perfil, Admin Taller, Admin Vh V2, Admin Vh V2 A1, Administrador del sistema - Custom …","POR_DETERMINAR","BLOQUEADO_ASIGNACION_FUNCIONAL","No existe asignación PEKING inequívoca o hay varias alternativas legacy; la evidencia técnica no permite escoger Layout, página o exposición.","Asignación por aplicación/perfil/RecordType","Definir la asignación funcional exacta antes de proponer cambio.","PEKING cuando aplique; Bavarian/Otobai; usados aislados","S3-0-B7-LAY-126; MATRIZ_ASIGNACIONES_UI_S3_0_V2_20260806.csv: 332 filas, 332 asignadas","Agregado en V2. Referencia matriz anterior: MATRIZ_NOMINAL_S3_0_20260806.csv; no existía como fila nominal previa. Perfiles observados: 170; no equivalen a decisión funcional PEKING."
"Layout","Product2-Vehiculos Softland System Admin V1.0","Product2","NO_EXISTE","EXISTE","Sin asignación demostrada","Pendiente de matriz de asignaciones","Sin perfil demostrado","POR_DETERMINAR","BLOQUEADO_ASIGNACION_FUNCIONAL","No existe asignación PEKING inequívoca o hay varias alternativas legacy; la evidencia técnica no permite escoger Layout, página o exposición.","Asignación por aplicación/perfil/RecordType","Definir la asignación funcional exacta antes de proponer cambio.","PEKING cuando aplique; Bavarian/Otobai; usados aislados","S3-0-B7-LAY-127; MATRIZ_ASIGNACIONES_UI_S3_0_V2_20260806.csv: 1 filas, 0 asignadas","Agregado en V2. Referencia matriz anterior: MATRIZ_NOMINAL_S3_0_20260806.csv; no existía como fila nominal previa. Nombre/ruta previa: Product2-Vehiculos Softland System Admin V1%2E0; canónico: Product2-Vehiculos Softland System Admin V1.0."
"Layout","Product2-Vehiculos V1.2","Product2","NO_EXISTE","EXISTE","Sin asignación demostrada","Pendiente de matriz de asignaciones","Sin perfil demostrado","POR_DETERMINAR","BLOQUEADO_ASIGNACION_FUNCIONAL","No existe asignación PEKING inequívoca o hay varias alternativas legacy; la evidencia técnica no permite escoger Layout, página o exposición.","Asignación por aplicación/perfil/RecordType","Definir la asignación funcional exacta antes de proponer cambio.","PEKING cuando aplique; Bavarian/Otobai; usados aislados","S3-0-B7-LAY-128; MATRIZ_ASIGNACIONES_UI_S3_0_V2_20260806.csv: 1 filas, 0 asignadas","Agregado en V2. Referencia matriz anterior: MATRIZ_NOMINAL_S3_0_20260806.csv; no existía como fila nominal previa. Nombre/ruta previa: Product2-Vehiculos V1%2E2; canónico: Product2-Vehiculos V1.2."
"Layout","Product2-Vehiculos V1.3","Product2","NO_EXISTE","EXISTE","Sin asignación demostrada","Pendiente de matriz de asignaciones","Sin perfil demostrado","POR_DETERMINAR","BLOQUEADO_ASIGNACION_FUNCIONAL","No existe asignación PEKING inequívoca o hay varias alternativas legacy; la evidencia técnica no permite escoger Layout, página o exposición.","Asignación por aplicación/perfil/RecordType","Definir la asignación funcional exacta antes de proponer cambio.","PEKING cuando aplique; Bavarian/Otobai; usados aislados","S3-0-B7-LAY-129; MATRIZ_ASIGNACIONES_UI_S3_0_V2_20260806.csv: 1 filas, 0 asignadas","Agregado en V2. Referencia matriz anterior: MATRIZ_NOMINAL_S3_0_20260806.csv; no existía como fila nominal previa. Nombre/ruta previa: Product2-Vehiculos V1%2E3; canónico: Product2-Vehiculos V1.3."
"Layout","Product2-Vehiculos V1.4","Product2","NO_EXISTE","EXISTE","Sin asignación demostrada","Pendiente de matriz de asignaciones","Sin perfil demostrado","POR_DETERMINAR","BLOQUEADO_ASIGNACION_FUNCIONAL","No existe asignación PEKING inequívoca o hay varias alternativas legacy; la evidencia técnica no permite escoger Layout, página o exposición.","Asignación por aplicación/perfil/RecordType","Definir la asignación funcional exacta antes de proponer cambio.","PEKING cuando aplique; Bavarian/Otobai; usados aislados","S3-0-B7-LAY-130; MATRIZ_ASIGNACIONES_UI_S3_0_V2_20260806.csv: 1 filas, 0 asignadas","Agregado en V2. Referencia matriz anterior: MATRIZ_NOMINAL_S3_0_20260806.csv; no existía como fila nominal previa. Nombre/ruta previa: Product2-Vehiculos V1%2E4; canónico: Product2-Vehiculos V1.4."
"Layout","Product2-Vehiculos V1.5","Product2","NO_EXISTE","EXISTE","Sin asignación demostrada","Pendiente de matriz de asignaciones","Sin perfil demostrado","POR_DETERMINAR","BLOQUEADO_ASIGNACION_FUNCIONAL","No existe asignación PEKING inequívoca o hay varias alternativas legacy; la evidencia técnica no permite escoger Layout, página o exposición.","Asignación por aplicación/perfil/RecordType","Definir la asignación funcional exacta antes de proponer cambio.","PEKING cuando aplique; Bavarian/Otobai; usados aislados","S3-0-B7-LAY-131; MATRIZ_ASIGNACIONES_UI_S3_0_V2_20260806.csv: 1 filas, 0 asignadas","Agregado en V2. Referencia matriz anterior: MATRIZ_NOMINAL_S3_0_20260806.csv; no existía como fila nominal previa. Nombre/ruta previa: Product2-Vehiculos V1%2E5; canónico: Product2-Vehiculos V1.5."
"Layout","Product2-Vehiculos","Product2","NO_EXISTE","EXISTE","4 asignaciones demostradas; ProfileLayout=4","Vehiculos","Chatter External User, Chatter Free User, Chatter Moderator User, Identity User","POR_DETERMINAR","BLOQUEADO_ASIGNACION_FUNCIONAL","No existe asignación PEKING inequívoca o hay varias alternativas legacy; la evidencia técnica no permite escoger Layout, página o exposición.","Asignación por aplicación/perfil/RecordType","Definir la asignación funcional exacta antes de proponer cambio.","PEKING cuando aplique; Bavarian/Otobai; usados aislados","S3-0-B7-LAY-132; MATRIZ_ASIGNACIONES_UI_S3_0_V2_20260806.csv: 4 filas, 4 asignadas","Agregado en V2. Referencia matriz anterior: MATRIZ_NOMINAL_S3_0_20260806.csv; no existía como fila nominal previa. Perfiles observados: 4; no equivalen a decisión funcional PEKING."
"Layout","Quote-Mostrador y Taller","Quote","NO_EXISTE","EXISTE","154 asignaciones demostradas; ProfileLayout=154","Master, Taller","API Only, API Only Altica, Acceso de MINI - BMW, Admin Taller, Admin Vh V2, Admin Vh V2 A1, Administrador de Sistema, Administrador del sistema - Custom …","POR_DETERMINAR","BLOQUEADO_ASIGNACION_FUNCIONAL","No existe asignación PEKING inequívoca o hay varias alternativas legacy; la evidencia técnica no permite escoger Layout, página o exposición.","Asignación por aplicación/perfil/RecordType","Definir la asignación funcional exacta antes de proponer cambio.","PEKING cuando aplique; Bavarian/Otobai; usados aislados","S3-0-B7-LAY-133; MATRIZ_ASIGNACIONES_UI_S3_0_V2_20260806.csv: 154 filas, 154 asignadas","Agregado en V2. Referencia matriz anterior: MATRIZ_NOMINAL_S3_0_20260806.csv; no existía como fila nominal previa. Perfiles observados: 148; no equivalen a decisión funcional PEKING."
"Layout","WorkOrder-RM Asesor Taller","WorkOrder","NO_EXISTE","EXISTE","1 asignaciones demostradas; ProfileLayout=1","Master","Asesor de Taller","POR_DETERMINAR","BLOQUEADO_ASIGNACION_FUNCIONAL","No existe asignación PEKING inequívoca o hay varias alternativas legacy; la evidencia técnica no permite escoger Layout, página o exposición.","Asignación por aplicación/perfil/RecordType","Definir la asignación funcional exacta antes de proponer cambio.","PEKING cuando aplique; Bavarian/Otobai; usados aislados","S3-0-B7-LAY-134; MATRIZ_ASIGNACIONES_UI_S3_0_V2_20260806.csv: 1 filas, 1 asignadas","Agregado en V2. Referencia matriz anterior: MATRIZ_NOMINAL_S3_0_20260806.csv; no existía como fila nominal previa. Perfiles observados: 1; no equivalen a decisión funcional PEKING."
"Layout","WorkOrder-RM Lider Taller - RO","WorkOrder","NO_EXISTE","EXISTE","Sin asignación demostrada","Pendiente de matriz de asignaciones","Sin perfil demostrado","POR_DETERMINAR","BLOQUEADO_ASIGNACION_FUNCIONAL","No existe asignación PEKING inequívoca o hay varias alternativas legacy; la evidencia técnica no permite escoger Layout, página o exposición.","Asignación por aplicación/perfil/RecordType","Definir la asignación funcional exacta antes de proponer cambio.","PEKING cuando aplique; Bavarian/Otobai; usados aislados","S3-0-B7-LAY-135; MATRIZ_ASIGNACIONES_UI_S3_0_V2_20260806.csv: 1 filas, 0 asignadas","Agregado en V2. Referencia matriz anterior: MATRIZ_NOMINAL_S3_0_20260806.csv; no existía como fila nominal previa."
"Layout","WorkOrder-RM Lider Taller","WorkOrder","NO_EXISTE","EXISTE","2 asignaciones demostradas; ProfileLayout=2","Master","System Administrator","POR_DETERMINAR","BLOQUEADO_ASIGNACION_FUNCIONAL","No existe asignación PEKING inequívoca o hay varias alternativas legacy; la evidencia técnica no permite escoger Layout, página o exposición.","Asignación por aplicación/perfil/RecordType","Definir la asignación funcional exacta antes de proponer cambio.","PEKING cuando aplique; Bavarian/Otobai; usados aislados","S3-0-B7-LAY-136; MATRIZ_ASIGNACIONES_UI_S3_0_V2_20260806.csv: 2 filas, 2 asignadas","Agregado en V2. Referencia matriz anterior: MATRIZ_NOMINAL_S3_0_20260806.csv; no existía como fila nominal previa. Perfiles observados: 1; no equivalen a decisión funcional PEKING."
"Layout","WorkOrder-Taller prototype Work Order Main","WorkOrder","NO_EXISTE","EXISTE","Sin asignación demostrada","Pendiente de matriz de asignaciones","Sin perfil demostrado","POR_DETERMINAR","BLOQUEADO_ASIGNACION_FUNCIONAL","No existe asignación PEKING inequívoca o hay varias alternativas legacy; la evidencia técnica no permite escoger Layout, página o exposición.","Asignación por aplicación/perfil/RecordType","Definir la asignación funcional exacta antes de proponer cambio.","PEKING cuando aplique; Bavarian/Otobai; usados aislados","S3-0-B7-LAY-137; MATRIZ_ASIGNACIONES_UI_S3_0_V2_20260806.csv: 1 filas, 0 asignadas","Agregado en V2. Referencia matriz anterior: MATRIZ_NOMINAL_S3_0_20260806.csv; no existía como fila nominal previa."
"Layout","WorkOrder-Work Order Admin","WorkOrder","NO_EXISTE","EXISTE","Sin asignación demostrada","Pendiente de matriz de asignaciones","Sin perfil demostrado","POR_DETERMINAR","BLOQUEADO_ASIGNACION_FUNCIONAL","No existe asignación PEKING inequívoca o hay varias alternativas legacy; la evidencia técnica no permite escoger Layout, página o exposición.","Asignación por aplicación/perfil/RecordType","Definir la asignación funcional exacta antes de proponer cambio.","PEKING cuando aplique; Bavarian/Otobai; usados aislados","S3-0-B7-LAY-138; MATRIZ_ASIGNACIONES_UI_S3_0_V2_20260806.csv: 1 filas, 0 asignadas","Agregado en V2. Referencia matriz anterior: MATRIZ_NOMINAL_S3_0_20260806.csv; no existía como fila nominal previa."
"Layout","WorkOrder-Work Order Layout Copy","WorkOrder","NO_EXISTE","EXISTE","2 asignaciones demostradas; ProfileLayout=2","Master","Field Service Dispatcher, Field Service Technician","POR_DETERMINAR","BLOQUEADO_ASIGNACION_FUNCIONAL","No existe asignación PEKING inequívoca o hay varias alternativas legacy; la evidencia técnica no permite escoger Layout, página o exposición.","Asignación por aplicación/perfil/RecordType","Definir la asignación funcional exacta antes de proponer cambio.","PEKING cuando aplique; Bavarian/Otobai; usados aislados","S3-0-B7-LAY-139; MATRIZ_ASIGNACIONES_UI_S3_0_V2_20260806.csv: 2 filas, 2 asignadas","Agregado en V2. Referencia matriz anterior: MATRIZ_NOMINAL_S3_0_20260806.csv; no existía como fila nominal previa. Perfiles observados: 2; no equivalen a decisión funcional PEKING."
"Layout","WorkOrder-Work Order Layout","WorkOrder","NO_EXISTE","EXISTE","26 asignaciones demostradas; ProfileLayout=26","Master","Actualización Clientes Perfil, Altica Perfil, Citas de Taller Perfil, CommunityTest Profile, CustomerCommunity Profile, CustomerCommunityWRONG Profile, Encuestas Red Motors Perfil, Guest License User …","POR_DETERMINAR","BLOQUEADO_ASIGNACION_FUNCIONAL","No existe asignación PEKING inequívoca o hay varias alternativas legacy; la evidencia técnica no permite escoger Layout, página o exposición.","Asignación por aplicación/perfil/RecordType","Definir la asignación funcional exacta antes de proponer cambio.","PEKING cuando aplique; Bavarian/Otobai; usados aislados","S3-0-B7-LAY-140; MATRIZ_ASIGNACIONES_UI_S3_0_V2_20260806.csv: 26 filas, 26 asignadas","Agregado en V2. Referencia matriz anterior: MATRIZ_NOMINAL_S3_0_20260806.csv; no existía como fila nominal previa. Perfiles observados: 21; no equivalen a decisión funcional PEKING."
"Layout","WorkOrder-Work Order Main Sin Botones","WorkOrder","NO_EXISTE","EXISTE","1 asignaciones demostradas; ProfileLayout=1","Master","Consulta básica móvil","POR_DETERMINAR","BLOQUEADO_ASIGNACION_FUNCIONAL","No existe asignación PEKING inequívoca o hay varias alternativas legacy; la evidencia técnica no permite escoger Layout, página o exposición.","Asignación por aplicación/perfil/RecordType","Definir la asignación funcional exacta antes de proponer cambio.","PEKING cuando aplique; Bavarian/Otobai; usados aislados","S3-0-B7-LAY-141; MATRIZ_ASIGNACIONES_UI_S3_0_V2_20260806.csv: 1 filas, 1 asignadas","Agregado en V2. Referencia matriz anterior: MATRIZ_NOMINAL_S3_0_20260806.csv; no existía como fila nominal previa. Perfiles observados: 1; no equivalen a decisión funcional PEKING."
"Layout","WorkOrder-Work Order Main V1.1","WorkOrder","NO_EXISTE","EXISTE","139 asignaciones demostradas; ProfileLayout=139","Master","API Only, API Only Altica, Acceso de MINI - BMW, Admin Taller, Admin Vh V2, Admin Vh V2 A1, Administrador de Sistema, Administrador del sistema - Custom …","POR_DETERMINAR","BLOQUEADO_ASIGNACION_FUNCIONAL","No existe asignación PEKING inequívoca o hay varias alternativas legacy; la evidencia técnica no permite escoger Layout, página o exposición.","Asignación por aplicación/perfil/RecordType","Definir la asignación funcional exacta antes de proponer cambio.","PEKING cuando aplique; Bavarian/Otobai; usados aislados","S3-0-B7-LAY-142; MATRIZ_ASIGNACIONES_UI_S3_0_V2_20260806.csv: 139 filas, 139 asignadas","Agregado en V2. Referencia matriz anterior: MATRIZ_NOMINAL_S3_0_20260806.csv; no existía como fila nominal previa. Nombre/ruta previa: WorkOrder-Work Order Main V1%2E1; canónico: WorkOrder-Work Order Main V1.1. Perfiles observados: 139; no equivalen a decisión funcional PEKING."
"Layout","WorkOrder-Work Order Main","WorkOrder","NO_EXISTE","EXISTE","6 asignaciones demostradas; ProfileLayout=6","Master","Chatter External User, Chatter Free User, Chatter Moderator User, Identity User, Repuestos 1, Standard Platform User","POR_DETERMINAR","BLOQUEADO_ASIGNACION_FUNCIONAL","No existe asignación PEKING inequívoca o hay varias alternativas legacy; la evidencia técnica no permite escoger Layout, página o exposición.","Asignación por aplicación/perfil/RecordType","Definir la asignación funcional exacta antes de proponer cambio.","PEKING cuando aplique; Bavarian/Otobai; usados aislados","S3-0-B7-LAY-143; MATRIZ_ASIGNACIONES_UI_S3_0_V2_20260806.csv: 6 filas, 6 asignadas","Agregado en V2. Referencia matriz anterior: MATRIZ_NOMINAL_S3_0_20260806.csv; no existía como fila nominal previa. Perfiles observados: 6; no equivalen a decisión funcional PEKING."
"FlexiPage","Opportunity_Record_Page","Opportunity","NO_EXISTE","EXISTE","Sin asignación demostrada","Pendiente de matriz de asignaciones","Sin perfil demostrado","POR_DETERMINAR","BLOQUEADO_ASIGNACION_FUNCIONAL","No existe asignación PEKING inequívoca o hay varias alternativas legacy; la evidencia técnica no permite escoger Layout, página o exposición.","Asignación por aplicación/perfil/RecordType","Definir la asignación funcional exacta antes de proponer cambio.","PEKING cuando aplique; Bavarian/Otobai; usados aislados","S3-0-B7-FLE-101; MATRIZ_ASIGNACIONES_UI_S3_0_V2_20260806.csv: 1 filas, 0 asignadas","Agregado en V2. Referencia matriz anterior: MATRIZ_NOMINAL_S3_0_20260806.csv; no existía como fila nominal previa."
"FlexiPage","Opportunity_Record_Page1","Opportunity","NO_EXISTE","EXISTE","4 asignaciones demostradas; APP_DEFAULT=4","Pendiente de matriz de asignaciones","Sin perfil demostrado","SI_POR_ACTIVACION_GENERICA","SIN_CAMBIO_REQUIERE_REGRESION","La activación demostrada es App Default y no contiene selección específica de Empresa/Marca/RecordType; PEKING entra por la ruta genérica.","Asignación por aplicación/perfil/RecordType","Ninguno; ejecutar regresión de activación.","PEKING cuando aplique; Bavarian/Otobai; usados aislados","S3-0-B7-FLE-102; MATRIZ_ASIGNACIONES_UI_S3_0_V2_20260806.csv: 4 filas, 4 asignadas","Agregado en V2. Referencia matriz anterior: MATRIZ_NOMINAL_S3_0_20260806.csv; no existía como fila nominal previa."
"FlexiPage","Opportunity_Record_Page10","Opportunity","NO_EXISTE","EXISTE","Sin asignación demostrada","Pendiente de matriz de asignaciones","Sin perfil demostrado","POR_DETERMINAR","BLOQUEADO_ASIGNACION_FUNCIONAL","No existe asignación PEKING inequívoca o hay varias alternativas legacy; la evidencia técnica no permite escoger Layout, página o exposición.","Asignación por aplicación/perfil/RecordType","Definir la asignación funcional exacta antes de proponer cambio.","PEKING cuando aplique; Bavarian/Otobai; usados aislados","S3-0-B7-FLE-103; MATRIZ_ASIGNACIONES_UI_S3_0_V2_20260806.csv: 1 filas, 0 asignadas","Agregado en V2. Referencia matriz anterior: MATRIZ_NOMINAL_S3_0_20260806.csv; no existía como fila nominal previa."
"FlexiPage","Opportunity_Record_Page11","Opportunity","NO_EXISTE","EXISTE","Sin asignación demostrada","Pendiente de matriz de asignaciones","Sin perfil demostrado","POR_DETERMINAR","BLOQUEADO_ASIGNACION_FUNCIONAL","No existe asignación PEKING inequívoca o hay varias alternativas legacy; la evidencia técnica no permite escoger Layout, página o exposición.","Asignación por aplicación/perfil/RecordType","Definir la asignación funcional exacta antes de proponer cambio.","PEKING cuando aplique; Bavarian/Otobai; usados aislados","S3-0-B7-FLE-104; MATRIZ_ASIGNACIONES_UI_S3_0_V2_20260806.csv: 1 filas, 0 asignadas","Agregado en V2. Referencia matriz anterior: MATRIZ_NOMINAL_S3_0_20260806.csv; no existía como fila nominal previa."
"FlexiPage","Opportunity_Record_Page12","Opportunity","NO_EXISTE","EXISTE","Sin asignación demostrada","Pendiente de matriz de asignaciones","Sin perfil demostrado","POR_DETERMINAR","BLOQUEADO_ASIGNACION_FUNCIONAL","No existe asignación PEKING inequívoca o hay varias alternativas legacy; la evidencia técnica no permite escoger Layout, página o exposición.","Asignación por aplicación/perfil/RecordType","Definir la asignación funcional exacta antes de proponer cambio.","PEKING cuando aplique; Bavarian/Otobai; usados aislados","S3-0-B7-FLE-105; MATRIZ_ASIGNACIONES_UI_S3_0_V2_20260806.csv: 1 filas, 0 asignadas","Agregado en V2. Referencia matriz anterior: MATRIZ_NOMINAL_S3_0_20260806.csv; no existía como fila nominal previa."
"FlexiPage","Opportunity_Record_Page2","Opportunity","NO_EXISTE","EXISTE","Sin asignación demostrada","Pendiente de matriz de asignaciones","Sin perfil demostrado","POR_DETERMINAR","BLOQUEADO_ASIGNACION_FUNCIONAL","No existe asignación PEKING inequívoca o hay varias alternativas legacy; la evidencia técnica no permite escoger Layout, página o exposición.","Asignación por aplicación/perfil/RecordType","Definir la asignación funcional exacta antes de proponer cambio.","PEKING cuando aplique; Bavarian/Otobai; usados aislados","S3-0-B7-FLE-106; MATRIZ_ASIGNACIONES_UI_S3_0_V2_20260806.csv: 1 filas, 0 asignadas","Agregado en V2. Referencia matriz anterior: MATRIZ_NOMINAL_S3_0_20260806.csv; no existía como fila nominal previa."
"FlexiPage","Opportunity_Record_Page3","Opportunity","NO_EXISTE","EXISTE","Sin asignación demostrada","Pendiente de matriz de asignaciones","Sin perfil demostrado","POR_DETERMINAR","BLOQUEADO_ASIGNACION_FUNCIONAL","No existe asignación PEKING inequívoca o hay varias alternativas legacy; la evidencia técnica no permite escoger Layout, página o exposición.","Asignación por aplicación/perfil/RecordType","Definir la asignación funcional exacta antes de proponer cambio.","PEKING cuando aplique; Bavarian/Otobai; usados aislados","S3-0-B7-FLE-107; MATRIZ_ASIGNACIONES_UI_S3_0_V2_20260806.csv: 1 filas, 0 asignadas","Agregado en V2. Referencia matriz anterior: MATRIZ_NOMINAL_S3_0_20260806.csv; no existía como fila nominal previa."
"FlexiPage","Opportunity_Record_Page4","Opportunity","NO_EXISTE","EXISTE","Sin asignación demostrada","Pendiente de matriz de asignaciones","Sin perfil demostrado","POR_DETERMINAR","BLOQUEADO_ASIGNACION_FUNCIONAL","No existe asignación PEKING inequívoca o hay varias alternativas legacy; la evidencia técnica no permite escoger Layout, página o exposición.","Asignación por aplicación/perfil/RecordType","Definir la asignación funcional exacta antes de proponer cambio.","PEKING cuando aplique; Bavarian/Otobai; usados aislados","S3-0-B7-FLE-108; MATRIZ_ASIGNACIONES_UI_S3_0_V2_20260806.csv: 1 filas, 0 asignadas","Agregado en V2. Referencia matriz anterior: MATRIZ_NOMINAL_S3_0_20260806.csv; no existía como fila nominal previa."
"FlexiPage","Opportunity_Record_Page5","Opportunity","NO_EXISTE","EXISTE","Sin asignación demostrada","Pendiente de matriz de asignaciones","Sin perfil demostrado","POR_DETERMINAR","BLOQUEADO_ASIGNACION_FUNCIONAL","No existe asignación PEKING inequívoca o hay varias alternativas legacy; la evidencia técnica no permite escoger Layout, página o exposición.","Asignación por aplicación/perfil/RecordType","Definir la asignación funcional exacta antes de proponer cambio.","PEKING cuando aplique; Bavarian/Otobai; usados aislados","S3-0-B7-FLE-109; MATRIZ_ASIGNACIONES_UI_S3_0_V2_20260806.csv: 1 filas, 0 asignadas","Agregado en V2. Referencia matriz anterior: MATRIZ_NOMINAL_S3_0_20260806.csv; no existía como fila nominal previa."
"FlexiPage","Opportunity_Record_Page6","Opportunity","NO_EXISTE","EXISTE","Sin asignación demostrada","Pendiente de matriz de asignaciones","Sin perfil demostrado","POR_DETERMINAR","BLOQUEADO_ASIGNACION_FUNCIONAL","No existe asignación PEKING inequívoca o hay varias alternativas legacy; la evidencia técnica no permite escoger Layout, página o exposición.","Asignación por aplicación/perfil/RecordType","Definir la asignación funcional exacta antes de proponer cambio.","PEKING cuando aplique; Bavarian/Otobai; usados aislados","S3-0-B7-FLE-110; MATRIZ_ASIGNACIONES_UI_S3_0_V2_20260806.csv: 1 filas, 0 asignadas","Agregado en V2. Referencia matriz anterior: MATRIZ_NOMINAL_S3_0_20260806.csv; no existía como fila nominal previa."
"FlexiPage","Opportunity_Record_Page7","Opportunity","NO_EXISTE","EXISTE","Sin asignación demostrada","Pendiente de matriz de asignaciones","Sin perfil demostrado","POR_DETERMINAR","BLOQUEADO_ASIGNACION_FUNCIONAL","No existe asignación PEKING inequívoca o hay varias alternativas legacy; la evidencia técnica no permite escoger Layout, página o exposición.","Asignación por aplicación/perfil/RecordType","Definir la asignación funcional exacta antes de proponer cambio.","PEKING cuando aplique; Bavarian/Otobai; usados aislados","S3-0-B7-FLE-111; MATRIZ_ASIGNACIONES_UI_S3_0_V2_20260806.csv: 1 filas, 0 asignadas","Agregado en V2. Referencia matriz anterior: MATRIZ_NOMINAL_S3_0_20260806.csv; no existía como fila nominal previa."
"FlexiPage","Opportunity_Record_Page8","Opportunity","NO_EXISTE","EXISTE","Sin asignación demostrada","Pendiente de matriz de asignaciones","Sin perfil demostrado","POR_DETERMINAR","BLOQUEADO_ASIGNACION_FUNCIONAL","No existe asignación PEKING inequívoca o hay varias alternativas legacy; la evidencia técnica no permite escoger Layout, página o exposición.","Asignación por aplicación/perfil/RecordType","Definir la asignación funcional exacta antes de proponer cambio.","PEKING cuando aplique; Bavarian/Otobai; usados aislados","S3-0-B7-FLE-112; MATRIZ_ASIGNACIONES_UI_S3_0_V2_20260806.csv: 1 filas, 0 asignadas","Agregado en V2. Referencia matriz anterior: MATRIZ_NOMINAL_S3_0_20260806.csv; no existía como fila nominal previa."
"FlexiPage","Opportunity_Record_Page9","Opportunity","NO_EXISTE","EXISTE","Sin asignación demostrada","Pendiente de matriz de asignaciones","Sin perfil demostrado","POR_DETERMINAR","BLOQUEADO_ASIGNACION_FUNCIONAL","No existe asignación PEKING inequívoca o hay varias alternativas legacy; la evidencia técnica no permite escoger Layout, página o exposición.","Asignación por aplicación/perfil/RecordType","Definir la asignación funcional exacta antes de proponer cambio.","PEKING cuando aplique; Bavarian/Otobai; usados aislados","S3-0-B7-FLE-113; MATRIZ_ASIGNACIONES_UI_S3_0_V2_20260806.csv: 1 filas, 0 asignadas","Agregado en V2. Referencia matriz anterior: MATRIZ_NOMINAL_S3_0_20260806.csv; no existía como fila nominal previa."
"FlexiPage","Opportunity_Record_Page_VN_Agenda_Facturada","Opportunity","NO_EXISTE","EXISTE","Sin asignación demostrada","Pendiente de matriz de asignaciones","Sin perfil demostrado","POR_DETERMINAR","BLOQUEADO_ASIGNACION_FUNCIONAL","No existe asignación PEKING inequívoca o hay varias alternativas legacy; la evidencia técnica no permite escoger Layout, página o exposición.","Asignación por aplicación/perfil/RecordType","Definir la asignación funcional exacta antes de proponer cambio.","PEKING cuando aplique; Bavarian/Otobai; usados aislados","S3-0-B7-FLE-114; MATRIZ_ASIGNACIONES_UI_S3_0_V2_20260806.csv: 1 filas, 0 asignadas","Agregado en V2. Referencia matriz anterior: MATRIZ_NOMINAL_S3_0_20260806.csv; no existía como fila nominal previa."
"FlexiPage","Quote_Record_Page","Quote","NO_EXISTE","EXISTE","1 asignaciones demostradas; APP_DEFAULT=1","Pendiente de matriz de asignaciones","Sin perfil demostrado","SI_POR_ACTIVACION_GENERICA","SIN_CAMBIO_REQUIERE_REGRESION","La activación demostrada es App Default y no contiene selección específica de Empresa/Marca/RecordType; PEKING entra por la ruta genérica.","Asignación por aplicación/perfil/RecordType","Ninguno; ejecutar regresión de activación.","PEKING cuando aplique; Bavarian/Otobai; usados aislados","S3-0-B7-FLE-115; MATRIZ_ASIGNACIONES_UI_S3_0_V2_20260806.csv: 1 filas, 1 asignadas","Agregado en V2. Referencia matriz anterior: MATRIZ_NOMINAL_S3_0_20260806.csv; no existía como fila nominal previa."
"FlexiPage","Quote_Record_Page1","Quote","NO_EXISTE","EXISTE","Sin asignación demostrada","Pendiente de matriz de asignaciones","Sin perfil demostrado","POR_DETERMINAR","BLOQUEADO_ASIGNACION_FUNCIONAL","No existe asignación PEKING inequívoca o hay varias alternativas legacy; la evidencia técnica no permite escoger Layout, página o exposición.","Asignación por aplicación/perfil/RecordType","Definir la asignación funcional exacta antes de proponer cambio.","PEKING cuando aplique; Bavarian/Otobai; usados aislados","S3-0-B7-FLE-116; MATRIZ_ASIGNACIONES_UI_S3_0_V2_20260806.csv: 1 filas, 0 asignadas","Agregado en V2. Referencia matriz anterior: MATRIZ_NOMINAL_S3_0_20260806.csv; no existía como fila nominal previa."
"FlexiPage","Quote_Record_Page2","Quote","NO_EXISTE","EXISTE","2 asignaciones demostradas; APP_DEFAULT=2","Pendiente de matriz de asignaciones","Sin perfil demostrado","SI_POR_ACTIVACION_GENERICA","SIN_CAMBIO_REQUIERE_REGRESION","La activación demostrada es App Default y no contiene selección específica de Empresa/Marca/RecordType; PEKING entra por la ruta genérica.","Asignación por aplicación/perfil/RecordType","Ninguno; ejecutar regresión de activación.","PEKING cuando aplique; Bavarian/Otobai; usados aislados","S3-0-B7-FLE-117; MATRIZ_ASIGNACIONES_UI_S3_0_V2_20260806.csv: 2 filas, 2 asignadas","Agregado en V2. Referencia matriz anterior: MATRIZ_NOMINAL_S3_0_20260806.csv; no existía como fila nominal previa."
"FlexiPage","Quote_Record_Page3","Quote","NO_EXISTE","EXISTE","Sin asignación demostrada","Pendiente de matriz de asignaciones","Sin perfil demostrado","POR_DETERMINAR","BLOQUEADO_ASIGNACION_FUNCIONAL","No existe asignación PEKING inequívoca o hay varias alternativas legacy; la evidencia técnica no permite escoger Layout, página o exposición.","Asignación por aplicación/perfil/RecordType","Definir la asignación funcional exacta antes de proponer cambio.","PEKING cuando aplique; Bavarian/Otobai; usados aislados","S3-0-B7-FLE-118; MATRIZ_ASIGNACIONES_UI_S3_0_V2_20260806.csv: 1 filas, 0 asignadas","Agregado en V2. Referencia matriz anterior: MATRIZ_NOMINAL_S3_0_20260806.csv; no existía como fila nominal previa."
"FlexiPage","Quote_Record_Page4","Quote","NO_EXISTE","EXISTE","Sin asignación demostrada","Pendiente de matriz de asignaciones","Sin perfil demostrado","POR_DETERMINAR","BLOQUEADO_ASIGNACION_FUNCIONAL","No existe asignación PEKING inequívoca o hay varias alternativas legacy; la evidencia técnica no permite escoger Layout, página o exposición.","Asignación por aplicación/perfil/RecordType","Definir la asignación funcional exacta antes de proponer cambio.","PEKING cuando aplique; Bavarian/Otobai; usados aislados","S3-0-B7-FLE-119; MATRIZ_ASIGNACIONES_UI_S3_0_V2_20260806.csv: 1 filas, 0 asignadas","Agregado en V2. Referencia matriz anterior: MATRIZ_NOMINAL_S3_0_20260806.csv; no existía como fila nominal previa."
"FlexiPage","Quote_Record_Page5","Quote","NO_EXISTE","EXISTE","Sin asignación demostrada","Pendiente de matriz de asignaciones","Sin perfil demostrado","POR_DETERMINAR","BLOQUEADO_ASIGNACION_FUNCIONAL","No existe asignación PEKING inequívoca o hay varias alternativas legacy; la evidencia técnica no permite escoger Layout, página o exposición.","Asignación por aplicación/perfil/RecordType","Definir la asignación funcional exacta antes de proponer cambio.","PEKING cuando aplique; Bavarian/Otobai; usados aislados","S3-0-B7-FLE-120; MATRIZ_ASIGNACIONES_UI_S3_0_V2_20260806.csv: 1 filas, 0 asignadas","Agregado en V2. Referencia matriz anterior: MATRIZ_NOMINAL_S3_0_20260806.csv; no existía como fila nominal previa."
"FlexiPage","Quote_Record_Page6","Quote","NO_EXISTE","EXISTE","7 asignaciones demostradas; APP_DEFAULT=1, APP_PROFILE_RECORDTYPE=4, DEFAULT_OBJETO=2","Taller","Asistente de Taller, Mecanico Lider","POR_DETERMINAR","BLOQUEADO_ASIGNACION_FUNCIONAL","No existe asignación PEKING inequívoca o hay varias alternativas legacy; la evidencia técnica no permite escoger Layout, página o exposición.","Asignación por aplicación/perfil/RecordType","Definir la asignación funcional exacta antes de proponer cambio.","PEKING cuando aplique; Bavarian/Otobai; usados aislados","S3-0-B7-FLE-121; MATRIZ_ASIGNACIONES_UI_S3_0_V2_20260806.csv: 7 filas, 7 asignadas","Agregado en V2. Referencia matriz anterior: MATRIZ_NOMINAL_S3_0_20260806.csv; no existía como fila nominal previa. Perfiles observados: 2; no equivalen a decisión funcional PEKING."
"FlexiPage","Opportunity_Record_Page_VU","Opportunity","NO_EXISTE","EXISTE","36 asignaciones demostradas; APP_DEFAULT=2, APP_PROFILE_RECORDTYPE=34","Autos_Usados, Motos_Usados","Admin, Asesor Ventas Autos Usados, Asesor Ventas Motos Usados v2 A1, Asesor de Ventas Multimarca Motos con Usados, Asesor de ventas online MINI Nuevos V2 y Usados, Asistente de Usados, Asistente de usados A1, Jefe de Ventas Usados Autos …","NO","NO_APLICA","Evidencia explícita de página exclusiva de vehículos usados; PEKING no aplica a usados.","Asignación por aplicación/perfil/RecordType","Ninguno para PEKING; conservar regresión.","PEKING cuando aplique; Bavarian/Otobai; usados aislados","S3-0-B7-FLX-126; MATRIZ_ASIGNACIONES_UI_S3_0_V2_20260806.csv: 36 filas, 36 asignadas","No se adapta para PEKING; conserva obligación separada de regresión; su existencia no autoriza modificación. Agregada en V4 desde evidencia histórica S3-0.2. Regresión obligatoria sin adaptación PEKING."
